Data as of,State,MMWR Week,End Week,Sex,Age Group,Total Deaths,COVID-19 Deaths
10/28/2020,United States,5,02/01/2020,All Sex,All Ages,58617,0
10/28/2020,United States,5,02/01/2020,All Sex,Under 1 year,388,0
10/28/2020,United States,5,02/01/2020,All Sex,1-4 years,65,0
10/28/2020,United States,5,02/01/2020,All Sex,5-14 years,110,0
10/28/2020,United States,5,02/01/2020,All Sex,15-24 years,573,0
10/28/2020,United States,5,02/01/2020,All Sex,25-34 years,1132,0
10/28/2020,United States,5,02/01/2020,All Sex,35-44 years,1659,0
10/28/2020,United States,5,02/01/2020,All Sex,45-54 years,3328,0
10/28/2020,United States,5,02/01/2020,All Sex,55-64 years,7458,0
10/28/2020,United States,5,02/01/2020,All Sex,65-74 years,11643,0
10/28/2020,United States,5,02/01/2020,All Sex,75-84 years,14085,0
10/28/2020,United States,5,02/01/2020,All Sex,85 years and over,18176,0
10/28/2020,United States,5,02/01/2020,Male,All Ages,30089,0
10/28/2020,United States,5,02/01/2020,Male,Under 1 year,195,0
10/28/2020,United States,5,02/01/2020,Male,1-4 years,37,0
10/28/2020,United States,5,02/01/2020,Male,5-14 years,62,0
10/28/2020,United States,5,02/01/2020,Male,15-24 years,426,0
10/28/2020,United States,5,02/01/2020,Male,25-34 years,800,0
10/28/2020,United States,5,02/01/2020,Male,35-44 years,1063,0
10/28/2020,United States,5,02/01/2020,Male,45-54 years,2035,0
10/28/2020,United States,5,02/01/2020,Male,55-64 years,4476,0
10/28/2020,United States,5,02/01/2020,Male,65-74 years,6703,0
10/28/2020,United States,5,02/01/2020,Male,75-84 years,7324,0
10/28/2020,United States,5,02/01/2020,Male,85 years and over,6968,0
10/28/2020,United States,5,02/01/2020,Female,All Ages,28528,0
10/28/2020,United States,5,02/01/2020,Female,Under 1 year,193,0
10/28/2020,United States,5,02/01/2020,Female,1-4 years,28,0
10/28/2020,United States,5,02/01/2020,Female,5-14 years,48,0
10/28/2020,United States,5,02/01/2020,Female,15-24 years,147,0
10/28/2020,United States,5,02/01/2020,Female,25-34 years,332,0
10/28/2020,United States,5,02/01/2020,Female,35-44 years,596,0
10/28/2020,United States,5,02/01/2020,Female,45-54 years,1293,0
10/28/2020,United States,5,02/01/2020,Female,55-64 years,2982,0
10/28/2020,United States,5,02/01/2020,Female,65-74 years,4940,0
10/28/2020,United States,5,02/01/2020,Female,75-84 years,6761,0
10/28/2020,United States,5,02/01/2020,Female,85 years and over,11208,0
10/28/2020,United States,6,02/08/2020,All Sex,All Ages,59327,1
10/28/2020,United States,6,02/08/2020,All Sex,Under 1 year,432,0
10/28/2020,United States,6,02/08/2020,All Sex,1-4 years,84,0
10/28/2020,United States,6,02/08/2020,All Sex,5-14 years,99,0
10/28/2020,United States,6,02/08/2020,All Sex,15-24 years,607,0
10/28/2020,United States,6,02/08/2020,All Sex,25-34 years,1176,0
10/28/2020,United States,6,02/08/2020,All Sex,35-44 years,1675,0
10/28/2020,United States,6,02/08/2020,All Sex,45-54 years,3243,0
10/28/2020,United States,6,02/08/2020,All Sex,55-64 years,7812,1
10/28/2020,United States,6,02/08/2020,All Sex,65-74 years,11604,0
10/28/2020,United States,6,02/08/2020,All Sex,75-84 years,14409,0
10/28/2020,United States,6,02/08/2020,All Sex,85 years and over,18186,0
10/28/2020,United States,6,02/08/2020,Male,All Ages,30550,0
10/28/2020,United States,6,02/08/2020,Male,Under 1 year,237,0
10/28/2020,United States,6,02/08/2020,Male,1-4 years,49,0
10/28/2020,United States,6,02/08/2020,Male,5-14 years,56,0
10/28/2020,United States,6,02/08/2020,Male,15-24 years,444,0
10/28/2020,United States,6,02/08/2020,Male,25-34 years,807,0
10/28/2020,United States,6,02/08/2020,Male,35-44 years,1085,0
10/28/2020,United States,6,02/08/2020,Male,45-54 years,1972,0
10/28/2020,United States,6,02/08/2020,Male,55-64 years,4730,0
10/28/2020,United States,6,02/08/2020,Male,65-74 years,6679,0
10/28/2020,United States,6,02/08/2020,Male,75-84 years,7314,0
10/28/2020,United States,6,02/08/2020,Male,85 years and over,7177,0
10/28/2020,United States,6,02/08/2020,Female,All Ages,28777,1
10/28/2020,United States,6,02/08/2020,Female,Under 1 year,195,0
10/28/2020,United States,6,02/08/2020,Female,1-4 years,35,0
10/28/2020,United States,6,02/08/2020,Female,5-14 years,43,0
10/28/2020,United States,6,02/08/2020,Female,15-24 years,163,0
10/28/2020,United States,6,02/08/2020,Female,25-34 years,369,0
10/28/2020,United States,6,02/08/2020,Female,35-44 years,590,0
10/28/2020,United States,6,02/08/2020,Female,45-54 years,1271,0
10/28/2020,United States,6,02/08/2020,Female,55-64 years,3082,1
10/28/2020,United States,6,02/08/2020,Female,65-74 years,4925,0
10/28/2020,United States,6,02/08/2020,Female,75-84 years,7095,0
10/28/2020,United States,6,02/08/2020,Female,85 years and over,11009,0
10/28/2020,United States,7,02/15/2020,All Sex,All Ages,58738,0
10/28/2020,United States,7,02/15/2020,All Sex,Under 1 year,375,0
10/28/2020,United States,7,02/15/2020,All Sex,1-4 years,77,0
10/28/2020,United States,7,02/15/2020,All Sex,5-14 years,127,0
10/28/2020,United States,7,02/15/2020,All Sex,15-24 years,571,0
10/28/2020,United States,7,02/15/2020,All Sex,25-34 years,1192,0
10/28/2020,United States,7,02/15/2020,All Sex,35-44 years,1659,0
10/28/2020,United States,7,02/15/2020,All Sex,45-54 years,3061,0
10/28/2020,United States,7,02/15/2020,All Sex,55-64 years,7759,0
10/28/2020,United States,7,02/15/2020,All Sex,65-74 years,11617,0
10/28/2020,United States,7,02/15/2020,All Sex,75-84 years,14348,0
10/28/2020,United States,7,02/15/2020,All Sex,85 years and over,17952,0
10/28/2020,United States,7,02/15/2020,Male,All Ages,30187,0
10/28/2020,United States,7,02/15/2020,Male,Under 1 year,190,0
10/28/2020,United States,7,02/15/2020,Male,1-4 years,37,0
10/28/2020,United States,7,02/15/2020,Male,5-14 years,72,0
10/28/2020,United States,7,02/15/2020,Male,15-24 years,410,0
10/28/2020,United States,7,02/15/2020,Male,25-34 years,821,0
10/28/2020,United States,7,02/15/2020,Male,35-44 years,1086,0
10/28/2020,United States,7,02/15/2020,Male,45-54 years,1868,0
10/28/2020,United States,7,02/15/2020,Male,55-64 years,4711,0
10/28/2020,United States,7,02/15/2020,Male,65-74 years,6620,0
10/28/2020,United States,7,02/15/2020,Male,75-84 years,7442,0
10/28/2020,United States,7,02/15/2020,Male,85 years and over,6930,0
10/28/2020,United States,7,02/15/2020,Female,All Ages,28551,0
10/28/2020,United States,7,02/15/2020,Female,Under 1 year,185,0
10/28/2020,United States,7,02/15/2020,Female,1-4 years,40,0
10/28/2020,United States,7,02/15/2020,Female,5-14 years,55,0
10/28/2020,United States,7,02/15/2020,Female,15-24 years,161,0
10/28/2020,United States,7,02/15/2020,Female,25-34 years,371,0
10/28/2020,United States,7,02/15/2020,Female,35-44 years,573,0
10/28/2020,United States,7,02/15/2020,Female,45-54 years,1193,0
10/28/2020,United States,7,02/15/2020,Female,55-64 years,3048,0
10/28/2020,United States,7,02/15/2020,Female,65-74 years,4997,0
10/28/2020,United States,7,02/15/2020,Female,75-84 years,6906,0
10/28/2020,United States,7,02/15/2020,Female,85 years and over,11022,0
10/28/2020,United States,8,02/22/2020,All Sex,All Ages,58767,5
10/28/2020,United States,8,02/22/2020,All Sex,Under 1 year,362,0
10/28/2020,United States,8,02/22/2020,All Sex,1-4 years,67,0
10/28/2020,United States,8,02/22/2020,All Sex,5-14 years,100,0
10/28/2020,United States,8,02/22/2020,All Sex,15-24 years,549,0
10/28/2020,United States,8,02/22/2020,All Sex,25-34 years,1210,0
10/28/2020,United States,8,02/22/2020,All Sex,35-44 years,1693,1
10/28/2020,United States,8,02/22/2020,All Sex,45-54 years,3275,0
10/28/2020,United States,8,02/22/2020,All Sex,55-64 years,7569,2
10/28/2020,United States,8,02/22/2020,All Sex,65-74 years,11556,1
10/28/2020,United States,8,02/22/2020,All Sex,75-84 years,14314,0
10/28/2020,United States,8,02/22/2020,All Sex,85 years and over,18072,1
10/28/2020,United States,8,02/22/2020,Male,All Ages,30216,2
10/28/2020,United States,8,02/22/2020,Male,Under 1 year,207,0
10/28/2020,United States,8,02/22/2020,Male,1-4 years,43,0
10/28/2020,United States,8,02/22/2020,Male,5-14 years,62,0
10/28/2020,United States,8,02/22/2020,Male,15-24 years,387,0
10/28/2020,United States,8,02/22/2020,Male,25-34 years,841,0
10/28/2020,United States,8,02/22/2020,Male,35-44 years,1067,0
10/28/2020,United States,8,02/22/2020,Male,45-54 years,1987,0
10/28/2020,United States,8,02/22/2020,Male,55-64 years,4611,1
10/28/2020,United States,8,02/22/2020,Male,65-74 years,6620,1
10/28/2020,United States,8,02/22/2020,Male,75-84 years,7278,0
10/28/2020,United States,8,02/22/2020,Male,85 years and over,7113,0
10/28/2020,United States,8,02/22/2020,Female,All Ages,28551,3
10/28/2020,United States,8,02/22/2020,Female,Under 1 year,155,0
10/28/2020,United States,8,02/22/2020,Female,1-4 years,24,0
10/28/2020,United States,8,02/22/2020,Female,5-14 years,38,0
10/28/2020,United States,8,02/22/2020,Female,15-24 years,162,0
10/28/2020,United States,8,02/22/2020,Female,25-34 years,369,0
10/28/2020,United States,8,02/22/2020,Female,35-44 years,626,1
10/28/2020,United States,8,02/22/2020,Female,45-54 years,1288,0
10/28/2020,United States,8,02/22/2020,Female,55-64 years,2958,1
10/28/2020,United States,8,02/22/2020,Female,65-74 years,4936,0
10/28/2020,United States,8,02/22/2020,Female,75-84 years,7036,0
10/28/2020,United States,8,02/22/2020,Female,85 years and over,10959,1
10/28/2020,United States,9,02/29/2020,All Sex,All Ages,59208,10
10/28/2020,United States,9,02/29/2020,All Sex,Under 1 year,415,0
10/28/2020,United States,9,02/29/2020,All Sex,1-4 years,80,0
10/28/2020,United States,9,02/29/2020,All Sex,5-14 years,117,0
10/28/2020,United States,9,02/29/2020,All Sex,15-24 years,572,0
10/28/2020,United States,9,02/29/2020,All Sex,25-34 years,1265,0
10/28/2020,United States,9,02/29/2020,All Sex,35-44 years,1654,1
10/28/2020,United States,9,02/29/2020,All Sex,45-54 years,3289,2
10/28/2020,United States,9,02/29/2020,All Sex,55-64 years,7689,1
10/28/2020,United States,9,02/29/2020,All Sex,65-74 years,11693,3
10/28/2020,United States,9,02/29/2020,All Sex,75-84 years,14420,2
10/28/2020,United States,9,02/29/2020,All Sex,85 years and over,18014,1
10/28/2020,United States,9,02/29/2020,Male,All Ages,30561,5
10/28/2020,United States,9,02/29/2020,Male,Under 1 year,236,0
10/28/2020,United States,9,02/29/2020,Male,1-4 years,39,0
10/28/2020,United States,9,02/29/2020,Male,5-14 years,65,0
10/28/2020,United States,9,02/29/2020,Male,15-24 years,413,0
10/28/2020,United States,9,02/29/2020,Male,25-34 years,892,0
10/28/2020,United States,9,02/29/2020,Male,35-44 years,1061,0
10/28/2020,United States,9,02/29/2020,Male,45-54 years,2039,2
10/28/2020,United States,9,02/29/2020,Male,55-64 years,4703,1
10/28/2020,United States,9,02/29/2020,Male,65-74 years,6710,1
10/28/2020,United States,9,02/29/2020,Male,75-84 years,7448,1
10/28/2020,United States,9,02/29/2020,Male,85 years and over,6955,0
10/28/2020,United States,9,02/29/2020,Female,All Ages,28647,5
10/28/2020,United States,9,02/29/2020,Female,Under 1 year,179,0
10/28/2020,United States,9,02/29/2020,Female,1-4 years,41,0
10/28/2020,United States,9,02/29/2020,Female,5-14 years,52,0
10/28/2020,United States,9,02/29/2020,Female,15-24 years,159,0
10/28/2020,United States,9,02/29/2020,Female,25-34 years,373,0
10/28/2020,United States,9,02/29/2020,Female,35-44 years,593,1
10/28/2020,United States,9,02/29/2020,Female,45-54 years,1250,0
10/28/2020,United States,9,02/29/2020,Female,55-64 years,2986,0
10/28/2020,United States,9,02/29/2020,Female,65-74 years,4983,2
10/28/2020,United States,9,02/29/2020,Female,75-84 years,6972,1
10/28/2020,United States,9,02/29/2020,Female,85 years and over,11059,1
10/28/2020,United States,10,03/07/2020,All Sex,All Ages,59610,35
10/28/2020,United States,10,03/07/2020,All Sex,Under 1 year,362,0
10/28/2020,United States,10,03/07/2020,All Sex,1-4 years,70,0
10/28/2020,United States,10,03/07/2020,All Sex,5-14 years,96,0
10/28/2020,United States,10,03/07/2020,All Sex,15-24 years,579,0
10/28/2020,United States,10,03/07/2020,All Sex,25-34 years,1224,1
10/28/2020,United States,10,03/07/2020,All Sex,35-44 years,1798,1
10/28/2020,United States,10,03/07/2020,All Sex,45-54 years,3246,0
10/28/2020,United States,10,03/07/2020,All Sex,55-64 years,7805,5
10/28/2020,United States,10,03/07/2020,All Sex,65-74 years,11782,10
10/28/2020,United States,10,03/07/2020,All Sex,75-84 years,14547,7
10/28/2020,United States,10,03/07/2020,All Sex,85 years and over,18101,11
10/28/2020,United States,10,03/07/2020,Male,All Ages,31039,20
10/28/2020,United States,10,03/07/2020,Male,Under 1 year,195,0
10/28/2020,United States,10,03/07/2020,Male,1-4 years,46,0
10/28/2020,United States,10,03/07/2020,Male,5-14 years,58,0
10/28/2020,United States,10,03/07/2020,Male,15-24 years,445,0
10/28/2020,United States,10,03/07/2020,Male,25-34 years,821,1
10/28/2020,United States,10,03/07/2020,Male,35-44 years,1155,1
10/28/2020,United States,10,03/07/2020,Male,45-54 years,1983,0
10/28/2020,United States,10,03/07/2020,Male,55-64 years,4823,5
10/28/2020,United States,10,03/07/2020,Male,65-74 years,6833,7
10/28/2020,United States,10,03/07/2020,Male,75-84 years,7545,3
10/28/2020,United States,10,03/07/2020,Male,85 years and over,7135,3
10/28/2020,United States,10,03/07/2020,Female,All Ages,28571,15
10/28/2020,United States,10,03/07/2020,Female,Under 1 year,167,0
10/28/2020,United States,10,03/07/2020,Female,1-4 years,24,0
10/28/2020,United States,10,03/07/2020,Female,5-14 years,38,0
10/28/2020,United States,10,03/07/2020,Female,15-24 years,134,0
10/28/2020,United States,10,03/07/2020,Female,25-34 years,403,0
10/28/2020,United States,10,03/07/2020,Female,35-44 years,643,0
10/28/2020,United States,10,03/07/2020,Female,45-54 years,1263,0
10/28/2020,United States,10,03/07/2020,Female,55-64 years,2982,0
10/28/2020,United States,10,03/07/2020,Female,65-74 years,4949,3
10/28/2020,United States,10,03/07/2020,Female,75-84 years,7002,4
10/28/2020,United States,10,03/07/2020,Female,85 years and over,10966,8
10/28/2020,United States,11,03/14/2020,All Sex,All Ages,58599,56
10/28/2020,United States,11,03/14/2020,All Sex,Under 1 year,357,0
10/28/2020,United States,11,03/14/2020,All Sex,1-4 years,68,0
10/28/2020,United States,11,03/14/2020,All Sex,5-14 years,113,0
10/28/2020,United States,11,03/14/2020,All Sex,15-24 years,609,0
10/28/2020,United States,11,03/14/2020,All Sex,25-34 years,1188,1
10/28/2020,United States,11,03/14/2020,All Sex,35-44 years,1728,0
10/28/2020,United States,11,03/14/2020,All Sex,45-54 years,3186,1
10/28/2020,United States,11,03/14/2020,All Sex,55-64 years,7593,6
10/28/2020,United States,11,03/14/2020,All Sex,65-74 years,11725,17
10/28/2020,United States,11,03/14/2020,All Sex,75-84 years,14167,15
10/28/2020,United States,11,03/14/2020,All Sex,85 years and over,17865,16
10/28/2020,United States,11,03/14/2020,Male,All Ages,30380,26
10/28/2020,United States,11,03/14/2020,Male,Under 1 year,212,0
10/28/2020,United States,11,03/14/2020,Male,1-4 years,45,0
10/28/2020,United States,11,03/14/2020,Male,5-14 years,68,0
10/28/2020,United States,11,03/14/2020,Male,15-24 years,455,0
10/28/2020,United States,11,03/14/2020,Male,25-34 years,836,1
10/28/2020,United States,11,03/14/2020,Male,35-44 years,1114,0
10/28/2020,United States,11,03/14/2020,Male,45-54 years,1982,0
10/28/2020,United States,11,03/14/2020,Male,55-64 years,4542,4
10/28/2020,United States,11,03/14/2020,Male,65-74 years,6770,8
10/28/2020,United States,11,03/14/2020,Male,75-84 years,7352,7
10/28/2020,United States,11,03/14/2020,Male,85 years and over,7004,6
10/28/2020,United States,11,03/14/2020,Female,All Ages,28219,30
10/28/2020,United States,11,03/14/2020,Female,Under 1 year,145,0
10/28/2020,United States,11,03/14/2020,Female,1-4 years,23,0
10/28/2020,United States,11,03/14/2020,Female,5-14 years,45,0
10/28/2020,United States,11,03/14/2020,Female,15-24 years,154,0
10/28/2020,United States,11,03/14/2020,Female,25-34 years,352,0
10/28/2020,United States,11,03/14/2020,Female,35-44 years,614,0
10/28/2020,United States,11,03/14/2020,Female,45-54 years,1204,1
10/28/2020,United States,11,03/14/2020,Female,55-64 years,3051,2
10/28/2020,United States,11,03/14/2020,Female,65-74 years,4955,9
10/28/2020,United States,11,03/14/2020,Female,75-84 years,6815,8
10/28/2020,United States,11,03/14/2020,Female,85 years and over,10861,10
10/28/2020,United States,12,03/21/2020,All Sex,All Ages,59124,572
10/28/2020,United States,12,03/21/2020,All Sex,Under 1 year,388,0
10/28/2020,United States,12,03/21/2020,All Sex,1-4 years,82,1
10/28/2020,United States,12,03/21/2020,All Sex,5-14 years,98,1
10/28/2020,United States,12,03/21/2020,All Sex,15-24 years,590,1
10/28/2020,United States,12,03/21/2020,All Sex,25-34 years,1230,5
10/28/2020,United States,12,03/21/2020,All Sex,35-44 years,1783,19
10/28/2020,United States,12,03/21/2020,All Sex,45-54 years,3195,41
10/28/2020,United States,12,03/21/2020,All Sex,55-64 years,7681,66
10/28/2020,United States,12,03/21/2020,All Sex,65-74 years,11789,140
10/28/2020,United States,12,03/21/2020,All Sex,75-84 years,14619,157
10/28/2020,United States,12,03/21/2020,All Sex,85 years and over,17669,141
10/28/2020,United States,12,03/21/2020,Male,All Ages,30553,358
10/28/2020,United States,12,03/21/2020,Male,Under 1 year,232,0
10/28/2020,United States,12,03/21/2020,Male,1-4 years,46,1
10/28/2020,United States,12,03/21/2020,Male,5-14 years,53,1
10/28/2020,United States,12,03/21/2020,Male,15-24 years,425,0
10/28/2020,United States,12,03/21/2020,Male,25-34 years,845,4
10/28/2020,United States,12,03/21/2020,Male,35-44 years,1146,10
10/28/2020,United States,12,03/21/2020,Male,45-54 years,1964,33
10/28/2020,United States,12,03/21/2020,Male,55-64 years,4660,52
10/28/2020,United States,12,03/21/2020,Male,65-74 years,6745,87
10/28/2020,United States,12,03/21/2020,Male,75-84 years,7557,92
10/28/2020,United States,12,03/21/2020,Male,85 years and over,6880,78
10/28/2020,United States,12,03/21/2020,Female,All Ages,28571,214
10/28/2020,United States,12,03/21/2020,Female,Under 1 year,156,0
10/28/2020,United States,12,03/21/2020,Female,1-4 years,36,0
10/28/2020,United States,12,03/21/2020,Female,5-14 years,45,0
10/28/2020,United States,12,03/21/2020,Female,15-24 years,165,1
10/28/2020,United States,12,03/21/2020,Female,25-34 years,385,1
10/28/2020,United States,12,03/21/2020,Female,35-44 years,637,9
10/28/2020,United States,12,03/21/2020,Female,45-54 years,1231,8
10/28/2020,United States,12,03/21/2020,Female,55-64 years,3021,14
10/28/2020,United States,12,03/21/2020,Female,65-74 years,5044,53
10/28/2020,United States,12,03/21/2020,Female,75-84 years,7062,65
10/28/2020,United States,12,03/21/2020,Female,85 years and over,10789,63
10/28/2020,United States,13,03/28/2020,All Sex,All Ages,62910,3166
10/28/2020,United States,13,03/28/2020,All Sex,Under 1 year,367,2
10/28/2020,United States,13,03/28/2020,All Sex,1-4 years,76,0
10/28/2020,United States,13,03/28/2020,All Sex,5-14 years,76,1
10/28/2020,United States,13,03/28/2020,All Sex,15-24 years,603,6
10/28/2020,United States,13,03/28/2020,All Sex,25-34 years,1291,40
10/28/2020,United States,13,03/28/2020,All Sex,35-44 years,1869,115
10/28/2020,United States,13,03/28/2020,All Sex,45-54 years,3440,246
10/28/2020,United States,13,03/28/2020,All Sex,55-64 years,8108,465
10/28/2020,United States,13,03/28/2020,All Sex,65-74 years,12221,714
10/28/2020,United States,13,03/28/2020,All Sex,75-84 years,15544,833
10/28/2020,United States,13,03/28/2020,All Sex,85 years and over,19315,744
10/28/2020,United States,13,03/28/2020,Male,All Ages,32738,1921
10/28/2020,United States,13,03/28/2020,Male,Under 1 year,187,1
10/28/2020,United States,13,03/28/2020,Male,1-4 years,46,0
10/28/2020,United States,13,03/28/2020,Male,5-14 years,44,1
10/28/2020,United States,13,03/28/2020,Male,15-24 years,462,5
10/28/2020,United States,13,03/28/2020,Male,25-34 years,872,25
10/28/2020,United States,13,03/28/2020,Male,35-44 years,1223,80
10/28/2020,United States,13,03/28/2020,Male,45-54 years,2166,176
10/28/2020,United States,13,03/28/2020,Male,55-64 years,4945,308
10/28/2020,United States,13,03/28/2020,Male,65-74 years,7161,459
10/28/2020,United States,13,03/28/2020,Male,75-84 years,8170,496
10/28/2020,United States,13,03/28/2020,Male,85 years and over,7462,370
10/28/2020,United States,13,03/28/2020,Female,All Ages,30172,1245
10/28/2020,United States,13,03/28/2020,Female,Under 1 year,180,1
10/28/2020,United States,13,03/28/2020,Female,1-4 years,30,0
10/28/2020,United States,13,03/28/2020,Female,5-14 years,32,0
10/28/2020,United States,13,03/28/2020,Female,15-24 years,141,1
10/28/2020,United States,13,03/28/2020,Female,25-34 years,419,15
10/28/2020,United States,13,03/28/2020,Female,35-44 years,646,35
10/28/2020,United States,13,03/28/2020,Female,45-54 years,1274,70
10/28/2020,United States,13,03/28/2020,Female,55-64 years,3163,157
10/28/2020,United States,13,03/28/2020,Female,65-74 years,5060,255
10/28/2020,United States,13,03/28/2020,Female,75-84 years,7374,337
10/28/2020,United States,13,03/28/2020,Female,85 years and over,11853,374
10/28/2020,United States,14,04/04/2020,All Sex,All Ages,72174,10033
10/28/2020,United States,14,04/04/2020,All Sex,Under 1 year,339,1
10/28/2020,United States,14,04/04/2020,All Sex,1-4 years,56,0
10/28/2020,United States,14,04/04/2020,All Sex,5-14 years,97,0
10/28/2020,United States,14,04/04/2020,All Sex,15-24 years,619,14
10/28/2020,United States,14,04/04/2020,All Sex,25-34 years,1410,115
10/28/2020,United States,14,04/04/2020,All Sex,35-44 years,2023,266
10/28/2020,United States,14,04/04/2020,All Sex,45-54 years,4045,690
10/28/2020,United States,14,04/04/2020,All Sex,55-64 years,9526,1469
10/28/2020,United States,14,04/04/2020,All Sex,65-74 years,14381,2339
10/28/2020,United States,14,04/04/2020,All Sex,75-84 years,17747,2669
10/28/2020,United States,14,04/04/2020,All Sex,85 years and over,21931,2470
10/28/2020,United States,14,04/04/2020,Male,All Ages,38193,6035
10/28/2020,United States,14,04/04/2020,Male,Under 1 year,190,1
10/28/2020,United States,14,04/04/2020,Male,1-4 years,27,0
10/28/2020,United States,14,04/04/2020,Male,5-14 years,57,0
10/28/2020,United States,14,04/04/2020,Male,15-24 years,443,10
10/28/2020,United States,14,04/04/2020,Male,25-34 years,959,78
10/28/2020,United States,14,04/04/2020,Male,35-44 years,1318,195
10/28/2020,United States,14,04/04/2020,Male,45-54 years,2624,512
10/28/2020,United States,14,04/04/2020,Male,55-64 years,5968,986
10/28/2020,United States,14,04/04/2020,Male,65-74 years,8491,1472
10/28/2020,United States,14,04/04/2020,Male,75-84 years,9395,1601
10/28/2020,United States,14,04/04/2020,Male,85 years and over,8721,1180
10/28/2020,United States,14,04/04/2020,Female,All Ages,33981,3998
10/28/2020,United States,14,04/04/2020,Female,Under 1 year,149,0
10/28/2020,United States,14,04/04/2020,Female,1-4 years,29,0
10/28/2020,United States,14,04/04/2020,Female,5-14 years,40,0
10/28/2020,United States,14,04/04/2020,Female,15-24 years,176,4
10/28/2020,United States,14,04/04/2020,Female,25-34 years,451,37
10/28/2020,United States,14,04/04/2020,Female,35-44 years,705,71
10/28/2020,United States,14,04/04/2020,Female,45-54 years,1421,178
10/28/2020,United States,14,04/04/2020,Female,55-64 years,3558,483
10/28/2020,United States,14,04/04/2020,Female,65-74 years,5890,867
10/28/2020,United States,14,04/04/2020,Female,75-84 years,8352,1068
10/28/2020,United States,14,04/04/2020,Female,85 years and over,13210,1290
10/28/2020,United States,15,04/11/2020,All Sex,All Ages,78940,16192
10/28/2020,United States,15,04/11/2020,All Sex,Under 1 year,386,1
10/28/2020,United States,15,04/11/2020,All Sex,1-4 years,54,1
10/28/2020,United States,15,04/11/2020,All Sex,5-14 years,100,2
10/28/2020,United States,15,04/11/2020,All Sex,15-24 years,689,25
10/28/2020,United States,15,04/11/2020,All Sex,25-34 years,1417,110
10/28/2020,United States,15,04/11/2020,All Sex,35-44 years,2243,306
10/28/2020,United States,15,04/11/2020,All Sex,45-54 years,4268,853
10/28/2020,United States,15,04/11/2020,All Sex,55-64 years,10104,2173
10/28/2020,United States,15,04/11/2020,All Sex,65-74 years,15810,3620
10/28/2020,United States,15,04/11/2020,All Sex,75-84 years,19445,4412
10/28/2020,United States,15,04/11/2020,All Sex,85 years and over,24424,4689
10/28/2020,United States,15,04/11/2020,Male,All Ages,41582,9220
10/28/2020,United States,15,04/11/2020,Male,Under 1 year,222,0
10/28/2020,United States,15,04/11/2020,Male,1-4 years,25,0
10/28/2020,United States,15,04/11/2020,Male,5-14 years,62,2
10/28/2020,United States,15,04/11/2020,Male,15-24 years,509,17
10/28/2020,United States,15,04/11/2020,Male,25-34 years,1033,75
10/28/2020,United States,15,04/11/2020,Male,35-44 years,1513,222
10/28/2020,United States,15,04/11/2020,Male,45-54 years,2732,617
10/28/2020,United States,15,04/11/2020,Male,55-64 years,6304,1449
10/28/2020,United States,15,04/11/2020,Male,65-74 years,9318,2272
10/28/2020,United States,15,04/11/2020,Male,75-84 years,10240,2531
10/28/2020,United States,15,04/11/2020,Male,85 years and over,9624,2035
10/28/2020,United States,15,04/11/2020,Female,All Ages,37358,6972
10/28/2020,United States,15,04/11/2020,Female,Under 1 year,164,1
10/28/2020,United States,15,04/11/2020,Female,1-4 years,29,1
10/28/2020,United States,15,04/11/2020,Female,5-14 years,38,0
10/28/2020,United States,15,04/11/2020,Female,15-24 years,180,8
10/28/2020,United States,15,04/11/2020,Female,25-34 years,384,35
10/28/2020,United States,15,04/11/2020,Female,35-44 years,730,84
10/28/2020,United States,15,04/11/2020,Female,45-54 years,1536,236
10/28/2020,United States,15,04/11/2020,Female,55-64 years,3800,724
10/28/2020,United States,15,04/11/2020,Female,65-74 years,6492,1348
10/28/2020,United States,15,04/11/2020,Female,75-84 years,9205,1881
10/28/2020,United States,15,04/11/2020,Female,85 years and over,14800,2654
10/28/2020,United States,16,04/18/2020,All Sex,All Ages,76602,17078
10/28/2020,United States,16,04/18/2020,All Sex,Under 1 year,343,0
10/28/2020,United States,16,04/18/2020,All Sex,1-4 years,53,0
10/28/2020,United States,16,04/18/2020,All Sex,5-14 years,87,0
10/28/2020,United States,16,04/18/2020,All Sex,15-24 years,608,17
10/28/2020,United States,16,04/18/2020,All Sex,25-34 years,1422,122
10/28/2020,United States,16,04/18/2020,All Sex,35-44 years,2018,282
10/28/2020,United States,16,04/18/2020,All Sex,45-54 years,4070,795
10/28/2020,United States,16,04/18/2020,All Sex,55-64 years,9507,2018
10/28/2020,United States,16,04/18/2020,All Sex,65-74 years,14999,3554
10/28/2020,United States,16,04/18/2020,All Sex,75-84 years,18873,4613
10/28/2020,United States,16,04/18/2020,All Sex,85 years and over,24622,5677
10/28/2020,United States,16,04/18/2020,Male,All Ages,39940,9281
10/28/2020,United States,16,04/18/2020,Male,Under 1 year,188,0
10/28/2020,United States,16,04/18/2020,Male,1-4 years,36,0
10/28/2020,United States,16,04/18/2020,Male,5-14 years,53,0
10/28/2020,United States,16,04/18/2020,Male,15-24 years,437,12
10/28/2020,United States,16,04/18/2020,Male,25-34 years,1013,93
10/28/2020,United States,16,04/18/2020,Male,35-44 years,1338,195
10/28/2020,United States,16,04/18/2020,Male,45-54 years,2585,547
10/28/2020,United States,16,04/18/2020,Male,55-64 years,5930,1345
10/28/2020,United States,16,04/18/2020,Male,65-74 years,8973,2280
10/28/2020,United States,16,04/18/2020,Male,75-84 years,9930,2525
10/28/2020,United States,16,04/18/2020,Male,85 years and over,9457,2284
10/28/2020,United States,16,04/18/2020,Female,All Ages,36662,7797
10/28/2020,United States,16,04/18/2020,Female,Under 1 year,155,0
10/28/2020,United States,16,04/18/2020,Female,1-4 years,17,0
10/28/2020,United States,16,04/18/2020,Female,5-14 years,34,0
10/28/2020,United States,16,04/18/2020,Female,15-24 years,171,5
10/28/2020,United States,16,04/18/2020,Female,25-34 years,409,29
10/28/2020,United States,16,04/18/2020,Female,35-44 years,680,87
10/28/2020,United States,16,04/18/2020,Female,45-54 years,1485,248
10/28/2020,United States,16,04/18/2020,Female,55-64 years,3577,673
10/28/2020,United States,16,04/18/2020,Female,65-74 years,6026,1274
10/28/2020,United States,16,04/18/2020,Female,75-84 years,8943,2088
10/28/2020,United States,16,04/18/2020,Female,85 years and over,15165,3393
10/28/2020,United States,17,04/25/2020,All Sex,All Ages,73700,15445
10/28/2020,United States,17,04/25/2020,All Sex,Under 1 year,361,2
10/28/2020,United States,17,04/25/2020,All Sex,1-4 years,62,0
10/28/2020,United States,17,04/25/2020,All Sex,5-14 years,106,1
10/28/2020,United States,17,04/25/2020,All Sex,15-24 years,698,23
10/28/2020,United States,17,04/25/2020,All Sex,25-34 years,1432,73
10/28/2020,United States,17,04/25/2020,All Sex,35-44 years,2058,212
10/28/2020,United States,17,04/25/2020,All Sex,45-54 years,3900,694
10/28/2020,United States,17,04/25/2020,All Sex,55-64 years,9325,1752
10/28/2020,United States,17,04/25/2020,All Sex,65-74 years,14101,3049
10/28/2020,United States,17,04/25/2020,All Sex,75-84 years,18108,4178
10/28/2020,United States,17,04/25/2020,All Sex,85 years and over,23549,5461
10/28/2020,United States,17,04/25/2020,Male,All Ages,38146,8117
10/28/2020,United States,17,04/25/2020,Male,Under 1 year,214,1
10/28/2020,United States,17,04/25/2020,Male,1-4 years,39,0
10/28/2020,United States,17,04/25/2020,Male,5-14 years,65,0
10/28/2020,United States,17,04/25/2020,Male,15-24 years,516,17
10/28/2020,United States,17,04/25/2020,Male,25-34 years,1005,47
10/28/2020,United States,17,04/25/2020,Male,35-44 years,1405,158
10/28/2020,United States,17,04/25/2020,Male,45-54 years,2448,463
10/28/2020,United States,17,04/25/2020,Male,55-64 years,5810,1167
10/28/2020,United States,17,04/25/2020,Male,65-74 years,8372,1923
10/28/2020,United States,17,04/25/2020,Male,75-84 years,9447,2235
10/28/2020,United States,17,04/25/2020,Male,85 years and over,8825,2106
10/28/2020,United States,17,04/25/2020,Female,All Ages,35554,7328
10/28/2020,United States,17,04/25/2020,Female,Under 1 year,147,1
10/28/2020,United States,17,04/25/2020,Female,1-4 years,23,0
10/28/2020,United States,17,04/25/2020,Female,5-14 years,41,1
10/28/2020,United States,17,04/25/2020,Female,15-24 years,182,6
10/28/2020,United States,17,04/25/2020,Female,25-34 years,427,26
10/28/2020,United States,17,04/25/2020,Female,35-44 years,653,54
10/28/2020,United States,17,04/25/2020,Female,45-54 years,1452,231
10/28/2020,United States,17,04/25/2020,Female,55-64 years,3515,585
10/28/2020,United States,17,04/25/2020,Female,65-74 years,5729,1126
10/28/2020,United States,17,04/25/2020,Female,75-84 years,8661,1943
10/28/2020,United States,17,04/25/2020,Female,85 years and over,14724,3355
10/28/2020,United States,18,05/02/2020,All Sex,All Ages,69109,13154
10/28/2020,United States,18,05/02/2020,All Sex,Under 1 year,332,1
10/28/2020,United States,18,05/02/2020,All Sex,1-4 years,65,0
10/28/2020,United States,18,05/02/2020,All Sex,5-14 years,96,3
10/28/2020,United States,18,05/02/2020,All Sex,15-24 years,657,13
10/28/2020,United States,18,05/02/2020,All Sex,25-34 years,1460,79
10/28/2020,United States,18,05/02/2020,All Sex,35-44 years,2115,203
10/28/2020,United States,18,05/02/2020,All Sex,45-54 years,3715,516
10/28/2020,United States,18,05/02/2020,All Sex,55-64 years,8698,1399
10/28/2020,United States,18,05/02/2020,All Sex,65-74 years,13635,2627
10/28/2020,United States,18,05/02/2020,All Sex,75-84 years,16605,3488
10/28/2020,United States,18,05/02/2020,All Sex,85 years and over,21731,4825
10/28/2020,United States,18,05/02/2020,Male,All Ages,35824,6784
10/28/2020,United States,18,05/02/2020,Male,Under 1 year,179,1
10/28/2020,United States,18,05/02/2020,Male,1-4 years,34,0
10/28/2020,United States,18,05/02/2020,Male,5-14 years,62,2
10/28/2020,United States,18,05/02/2020,Male,15-24 years,493,6
10/28/2020,United States,18,05/02/2020,Male,25-34 years,1021,52
10/28/2020,United States,18,05/02/2020,Male,35-44 years,1384,152
10/28/2020,United States,18,05/02/2020,Male,45-54 years,2393,365
10/28/2020,United States,18,05/02/2020,Male,55-64 years,5512,910
10/28/2020,United States,18,05/02/2020,Male,65-74 years,7975,1656
10/28/2020,United States,18,05/02/2020,Male,75-84 years,8657,1867
10/28/2020,United States,18,05/02/2020,Male,85 years and over,8114,1773
10/28/2020,United States,18,05/02/2020,Female,All Ages,33285,6370
10/28/2020,United States,18,05/02/2020,Female,Under 1 year,153,0
10/28/2020,United States,18,05/02/2020,Female,1-4 years,31,0
10/28/2020,United States,18,05/02/2020,Female,5-14 years,34,1
10/28/2020,United States,18,05/02/2020,Female,15-24 years,164,7
10/28/2020,United States,18,05/02/2020,Female,25-34 years,439,27
10/28/2020,United States,18,05/02/2020,Female,35-44 years,731,51
10/28/2020,United States,18,05/02/2020,Female,45-54 years,1322,151
10/28/2020,United States,18,05/02/2020,Female,55-64 years,3186,489
10/28/2020,United States,18,05/02/2020,Female,65-74 years,5660,971
10/28/2020,United States,18,05/02/2020,Female,75-84 years,7948,1621
10/28/2020,United States,18,05/02/2020,Female,85 years and over,13617,3052
10/28/2020,United States,19,05/09/2020,All Sex,All Ages,66691,11176
10/28/2020,United States,19,05/09/2020,All Sex,Under 1 year,360,2
10/28/2020,United States,19,05/09/2020,All Sex,1-4 years,77,1
10/28/2020,United States,19,05/09/2020,All Sex,5-14 years,101,3
10/28/2020,United States,19,05/09/2020,All Sex,15-24 years,708,19
10/28/2020,United States,19,05/09/2020,All Sex,25-34 years,1444,58
10/28/2020,United States,19,05/09/2020,All Sex,35-44 years,2093,172
10/28/2020,United States,19,05/09/2020,All Sex,45-54 years,3853,461
10/28/2020,United States,19,05/09/2020,All Sex,55-64 years,8748,1270
10/28/2020,United States,19,05/09/2020,All Sex,65-74 years,13048,2286
10/28/2020,United States,19,05/09/2020,All Sex,75-84 years,16020,2901
10/28/2020,United States,19,05/09/2020,All Sex,85 years and over,20239,4003
10/28/2020,United States,19,05/09/2020,Male,All Ages,34897,5777
10/28/2020,United States,19,05/09/2020,Male,Under 1 year,210,1
10/28/2020,United States,19,05/09/2020,Male,1-4 years,49,0
10/28/2020,United States,19,05/09/2020,Male,5-14 years,67,3
10/28/2020,United States,19,05/09/2020,Male,15-24 years,535,13
10/28/2020,United States,19,05/09/2020,Male,25-34 years,990,37
10/28/2020,United States,19,05/09/2020,Male,35-44 years,1421,118
10/28/2020,United States,19,05/09/2020,Male,45-54 years,2458,337
10/28/2020,United States,19,05/09/2020,Male,55-64 years,5508,834
10/28/2020,United States,19,05/09/2020,Male,65-74 years,7698,1442
10/28/2020,United States,19,05/09/2020,Male,75-84 years,8340,1553
10/28/2020,United States,19,05/09/2020,Male,85 years and over,7621,1439
10/28/2020,United States,19,05/09/2020,Female,All Ages,31794,5399
10/28/2020,United States,19,05/09/2020,Female,Under 1 year,150,1
10/28/2020,United States,19,05/09/2020,Female,1-4 years,28,1
10/28/2020,United States,19,05/09/2020,Female,5-14 years,34,0
10/28/2020,United States,19,05/09/2020,Female,15-24 years,173,6
10/28/2020,United States,19,05/09/2020,Female,25-34 years,454,21
10/28/2020,United States,19,05/09/2020,Female,35-44 years,672,54
10/28/2020,United States,19,05/09/2020,Female,45-54 years,1395,124
10/28/2020,United States,19,05/09/2020,Female,55-64 years,3240,436
10/28/2020,United States,19,05/09/2020,Female,65-74 years,5350,844
10/28/2020,United States,19,05/09/2020,Female,75-84 years,7680,1348
10/28/2020,United States,19,05/09/2020,Female,85 years and over,12618,2564
10/28/2020,United States,20,05/16/2020,All Sex,All Ages,64348,9173
10/28/2020,United States,20,05/16/2020,All Sex,Under 1 year,394,1
10/28/2020,United States,20,05/16/2020,All Sex,1-4 years,72,1
10/28/2020,United States,20,05/16/2020,All Sex,5-14 years,93,3
10/28/2020,United States,20,05/16/2020,All Sex,15-24 years,670,11
10/28/2020,United States,20,05/16/2020,All Sex,25-34 years,1440,56
10/28/2020,United States,20,05/16/2020,All Sex,35-44 years,2079,143
10/28/2020,United States,20,05/16/2020,All Sex,45-54 years,3745,418
10/28/2020,United States,20,05/16/2020,All Sex,55-64 years,8257,1007
10/28/2020,United States,20,05/16/2020,All Sex,65-74 years,12528,1807
10/28/2020,United States,20,05/16/2020,All Sex,75-84 years,15279,2330
10/28/2020,United States,20,05/16/2020,All Sex,85 years and over,19791,3396
10/28/2020,United States,20,05/16/2020,Male,All Ages,33224,4487
10/28/2020,United States,20,05/16/2020,Male,Under 1 year,220,0
10/28/2020,United States,20,05/16/2020,Male,1-4 years,48,1
10/28/2020,United States,20,05/16/2020,Male,5-14 years,58,3
10/28/2020,United States,20,05/16/2020,Male,15-24 years,487,8
10/28/2020,United States,20,05/16/2020,Male,25-34 years,1051,42
10/28/2020,United States,20,05/16/2020,Male,35-44 years,1389,103
10/28/2020,United States,20,05/16/2020,Male,45-54 years,2390,286
10/28/2020,United States,20,05/16/2020,Male,55-64 years,5085,642
10/28/2020,United States,20,05/16/2020,Male,65-74 years,7216,1042
10/28/2020,United States,20,05/16/2020,Male,75-84 years,7891,1198
10/28/2020,United States,20,05/16/2020,Male,85 years and over,7389,1162
10/28/2020,United States,20,05/16/2020,Female,All Ages,31124,4686
10/28/2020,United States,20,05/16/2020,Female,Under 1 year,174,1
10/28/2020,United States,20,05/16/2020,Female,1-4 years,24,0
10/28/2020,United States,20,05/16/2020,Female,5-14 years,35,0
10/28/2020,United States,20,05/16/2020,Female,15-24 years,183,3
10/28/2020,United States,20,05/16/2020,Female,25-34 years,389,14
10/28/2020,United States,20,05/16/2020,Female,35-44 years,690,40
10/28/2020,United States,20,05/16/2020,Female,45-54 years,1355,132
10/28/2020,United States,20,05/16/2020,Female,55-64 years,3172,365
10/28/2020,United States,20,05/16/2020,Female,65-74 years,5312,765
10/28/2020,United States,20,05/16/2020,Female,75-84 years,7388,1132
10/28/2020,United States,20,05/16/2020,Female,85 years and over,12402,2234
10/28/2020,United States,21,05/23/2020,All Sex,All Ages,61473,7182
10/28/2020,United States,21,05/23/2020,All Sex,Under 1 year,381,0
10/28/2020,United States,21,05/23/2020,All Sex,1-4 years,70,0
10/28/2020,United States,21,05/23/2020,All Sex,5-14 years,105,0
10/28/2020,United States,21,05/23/2020,All Sex,15-24 years,676,6
10/28/2020,United States,21,05/23/2020,All Sex,25-34 years,1500,61
10/28/2020,United States,21,05/23/2020,All Sex,35-44 years,2070,115
10/28/2020,United States,21,05/23/2020,All Sex,45-54 years,3622,327
10/28/2020,United States,21,05/23/2020,All Sex,55-64 years,8194,859
10/28/2020,United States,21,05/23/2020,All Sex,65-74 years,11979,1447
10/28/2020,United States,21,05/23/2020,All Sex,75-84 years,14426,1847
10/28/2020,United States,21,05/23/2020,All Sex,85 years and over,18450,2520
10/28/2020,United States,21,05/23/2020,Male,All Ages,31890,3682
10/28/2020,United States,21,05/23/2020,Male,Under 1 year,217,0
10/28/2020,United States,21,05/23/2020,Male,1-4 years,39,0
10/28/2020,United States,21,05/23/2020,Male,5-14 years,67,0
10/28/2020,United States,21,05/23/2020,Male,15-24 years,498,3
10/28/2020,United States,21,05/23/2020,Male,25-34 years,1067,43
10/28/2020,United States,21,05/23/2020,Male,35-44 years,1381,81
10/28/2020,United States,21,05/23/2020,Male,45-54 years,2297,220
10/28/2020,United States,21,05/23/2020,Male,55-64 years,5084,575
10/28/2020,United States,21,05/23/2020,Male,65-74 years,6899,880
10/28/2020,United States,21,05/23/2020,Male,75-84 years,7388,961
10/28/2020,United States,21,05/23/2020,Male,85 years and over,6953,919
10/28/2020,United States,21,05/23/2020,Female,All Ages,29583,3500
10/28/2020,United States,21,05/23/2020,Female,Under 1 year,164,0
10/28/2020,United States,21,05/23/2020,Female,1-4 years,31,0
10/28/2020,United States,21,05/23/2020,Female,5-14 years,38,0
10/28/2020,United States,21,05/23/2020,Female,15-24 years,178,3
10/28/2020,United States,21,05/23/2020,Female,25-34 years,433,18
10/28/2020,United States,21,05/23/2020,Female,35-44 years,689,34
10/28/2020,United States,21,05/23/2020,Female,45-54 years,1325,107
10/28/2020,United States,21,05/23/2020,Female,55-64 years,3110,284
10/28/2020,United States,21,05/23/2020,Female,65-74 years,5080,567
10/28/2020,United States,21,05/23/2020,Female,75-84 years,7038,886
10/28/2020,United States,21,05/23/2020,Female,85 years and over,11497,1601
10/28/2020,United States,22,05/30/2020,All Sex,All Ages,59513,6120
10/28/2020,United States,22,05/30/2020,All Sex,Under 1 year,363,0
10/28/2020,United States,22,05/30/2020,All Sex,1-4 years,65,1
10/28/2020,United States,22,05/30/2020,All Sex,5-14 years,110,0
10/28/2020,United States,22,05/30/2020,All Sex,15-24 years,671,11
10/28/2020,United States,22,05/30/2020,All Sex,25-34 years,1491,37
10/28/2020,United States,22,05/30/2020,All Sex,35-44 years,2062,102
10/28/2020,United States,22,05/30/2020,All Sex,45-54 years,3637,305
10/28/2020,United States,22,05/30/2020,All Sex,55-64 years,7711,708
10/28/2020,United States,22,05/30/2020,All Sex,65-74 years,11750,1278
10/28/2020,United States,22,05/30/2020,All Sex,75-84 years,14094,1534
10/28/2020,United States,22,05/30/2020,All Sex,85 years and over,17559,2144
10/28/2020,United States,22,05/30/2020,Male,All Ages,31263,3131
10/28/2020,United States,22,05/30/2020,Male,Under 1 year,218,0
10/28/2020,United States,22,05/30/2020,Male,1-4 years,35,0
10/28/2020,United States,22,05/30/2020,Male,5-14 years,75,0
10/28/2020,United States,22,05/30/2020,Male,15-24 years,503,6
10/28/2020,United States,22,05/30/2020,Male,25-34 years,1060,29
10/28/2020,United States,22,05/30/2020,Male,35-44 years,1378,70
10/28/2020,United States,22,05/30/2020,Male,45-54 years,2390,204
10/28/2020,United States,22,05/30/2020,Male,55-64 years,4859,481
10/28/2020,United States,22,05/30/2020,Male,65-74 years,6790,742
10/28/2020,United States,22,05/30/2020,Male,75-84 years,7338,830
10/28/2020,United States,22,05/30/2020,Male,85 years and over,6617,769
10/28/2020,United States,22,05/30/2020,Female,All Ages,28250,2989
10/28/2020,United States,22,05/30/2020,Female,Under 1 year,145,0
10/28/2020,United States,22,05/30/2020,Female,1-4 years,30,1
10/28/2020,United States,22,05/30/2020,Female,5-14 years,35,0
10/28/2020,United States,22,05/30/2020,Female,15-24 years,168,5
10/28/2020,United States,22,05/30/2020,Female,25-34 years,431,8
10/28/2020,United States,22,05/30/2020,Female,35-44 years,684,32
10/28/2020,United States,22,05/30/2020,Female,45-54 years,1247,101
10/28/2020,United States,22,05/30/2020,Female,55-64 years,2852,227
10/28/2020,United States,22,05/30/2020,Female,65-74 years,4960,536
10/28/2020,United States,22,05/30/2020,Female,75-84 years,6756,704
10/28/2020,United States,22,05/30/2020,Female,85 years and over,10942,1375
10/28/2020,United States,23,06/06/2020,All Sex,All Ages,58737,4995
10/28/2020,United States,23,06/06/2020,All Sex,Under 1 year,395,1
10/28/2020,United States,23,06/06/2020,All Sex,1-4 years,76,2
10/28/2020,United States,23,06/06/2020,All Sex,5-14 years,127,0
10/28/2020,United States,23,06/06/2020,All Sex,15-24 years,759,6
10/28/2020,United States,23,06/06/2020,All Sex,25-34 years,1558,40
10/28/2020,United States,23,06/06/2020,All Sex,35-44 years,2058,104
10/28/2020,United States,23,06/06/2020,All Sex,45-54 years,3761,298
10/28/2020,United States,23,06/06/2020,All Sex,55-64 years,7873,583
10/28/2020,United States,23,06/06/2020,All Sex,65-74 years,11539,1065
10/28/2020,United States,23,06/06/2020,All Sex,75-84 years,13726,1260
10/28/2020,United States,23,06/06/2020,All Sex,85 years and over,16865,1636
10/28/2020,United States,23,06/06/2020,Male,All Ages,31005,2545
10/28/2020,United States,23,06/06/2020,Male,Under 1 year,216,1
10/28/2020,United States,23,06/06/2020,Male,1-4 years,43,1
10/28/2020,United States,23,06/06/2020,Male,5-14 years,84,0
10/28/2020,United States,23,06/06/2020,Male,15-24 years,555,3
10/28/2020,United States,23,06/06/2020,Male,25-34 years,1118,29
10/28/2020,United States,23,06/06/2020,Male,35-44 years,1347,70
10/28/2020,United States,23,06/06/2020,Male,45-54 years,2366,199
10/28/2020,United States,23,06/06/2020,Male,55-64 years,4934,380
10/28/2020,United States,23,06/06/2020,Male,65-74 years,6778,628
10/28/2020,United States,23,06/06/2020,Male,75-84 years,7109,645
10/28/2020,United States,23,06/06/2020,Male,85 years and over,6455,589
10/28/2020,United States,23,06/06/2020,Female,All Ages,27732,2450
10/28/2020,United States,23,06/06/2020,Female,Under 1 year,179,0
10/28/2020,United States,23,06/06/2020,Female,1-4 years,33,1
10/28/2020,United States,23,06/06/2020,Female,5-14 years,43,0
10/28/2020,United States,23,06/06/2020,Female,15-24 years,204,3
10/28/2020,United States,23,06/06/2020,Female,25-34 years,440,11
10/28/2020,United States,23,06/06/2020,Female,35-44 years,711,34
10/28/2020,United States,23,06/06/2020,Female,45-54 years,1395,99
10/28/2020,United States,23,06/06/2020,Female,55-64 years,2939,203
10/28/2020,United States,23,06/06/2020,Female,65-74 years,4761,437
10/28/2020,United States,23,06/06/2020,Female,75-84 years,6617,615
10/28/2020,United States,23,06/06/2020,Female,85 years and over,10410,1047
10/28/2020,United States,24,06/13/2020,All Sex,All Ages,57864,4201
10/28/2020,United States,24,06/13/2020,All Sex,Under 1 year,372,1
10/28/2020,United States,24,06/13/2020,All Sex,1-4 years,70,0
10/28/2020,United States,24,06/13/2020,All Sex,5-14 years,124,1
10/28/2020,United States,24,06/13/2020,All Sex,15-24 years,797,7
10/28/2020,United States,24,06/13/2020,All Sex,25-34 years,1468,51
10/28/2020,United States,24,06/13/2020,All Sex,35-44 years,1953,101
10/28/2020,United States,24,06/13/2020,All Sex,45-54 years,3615,257
10/28/2020,United States,24,06/13/2020,All Sex,55-64 years,7851,580
10/28/2020,United States,24,06/13/2020,All Sex,65-74 years,11474,864
10/28/2020,United States,24,06/13/2020,All Sex,75-84 years,13515,1060
10/28/2020,United States,24,06/13/2020,All Sex,85 years and over,16625,1279
10/28/2020,United States,24,06/13/2020,Male,All Ages,30426,2192
10/28/2020,United States,24,06/13/2020,Male,Under 1 year,201,1
10/28/2020,United States,24,06/13/2020,Male,1-4 years,42,0
10/28/2020,United States,24,06/13/2020,Male,5-14 years,76,0
10/28/2020,United States,24,06/13/2020,Male,15-24 years,581,4
10/28/2020,United States,24,06/13/2020,Male,25-34 years,1047,31
10/28/2020,United States,24,06/13/2020,Male,35-44 years,1267,64
10/28/2020,United States,24,06/13/2020,Male,45-54 years,2268,176
10/28/2020,United States,24,06/13/2020,Male,55-64 years,4899,378
10/28/2020,United States,24,06/13/2020,Male,65-74 years,6586,529
10/28/2020,United States,24,06/13/2020,Male,75-84 years,7060,543
10/28/2020,United States,24,06/13/2020,Male,85 years and over,6399,466
10/28/2020,United States,24,06/13/2020,Female,All Ages,27438,2009
10/28/2020,United States,24,06/13/2020,Female,Under 1 year,171,0
10/28/2020,United States,24,06/13/2020,Female,1-4 years,28,0
10/28/2020,United States,24,06/13/2020,Female,5-14 years,48,1
10/28/2020,United States,24,06/13/2020,Female,15-24 years,216,3
10/28/2020,United States,24,06/13/2020,Female,25-34 years,421,20
10/28/2020,United States,24,06/13/2020,Female,35-44 years,686,37
10/28/2020,United States,24,06/13/2020,Female,45-54 years,1347,81
10/28/2020,United States,24,06/13/2020,Female,55-64 years,2952,202
10/28/2020,United States,24,06/13/2020,Female,65-74 years,4888,335
10/28/2020,United States,24,06/13/2020,Female,75-84 years,6455,517
10/28/2020,United States,24,06/13/2020,Female,85 years and over,10226,813
10/28/2020,United States,25,06/20/2020,All Sex,All Ages,57781,3805
10/28/2020,United States,25,06/20/2020,All Sex,Under 1 year,385,0
10/28/2020,United States,25,06/20/2020,All Sex,1-4 years,81,1
10/28/2020,United States,25,06/20/2020,All Sex,5-14 years,112,0
10/28/2020,United States,25,06/20/2020,All Sex,15-24 years,725,10
10/28/2020,United States,25,06/20/2020,All Sex,25-34 years,1541,32
10/28/2020,United States,25,06/20/2020,All Sex,35-44 years,1962,100
10/28/2020,United States,25,06/20/2020,All Sex,45-54 years,3623,235
10/28/2020,United States,25,06/20/2020,All Sex,55-64 years,7758,517
10/28/2020,United States,25,06/20/2020,All Sex,65-74 years,11491,759
10/28/2020,United States,25,06/20/2020,All Sex,75-84 years,13688,953
10/28/2020,United States,25,06/20/2020,All Sex,85 years and over,16415,1198
10/28/2020,United States,25,06/20/2020,Male,All Ages,30511,1971
10/28/2020,United States,25,06/20/2020,Male,Under 1 year,213,0
10/28/2020,United States,25,06/20/2020,Male,1-4 years,55,1
10/28/2020,United States,25,06/20/2020,Male,5-14 years,62,0
10/28/2020,United States,25,06/20/2020,Male,15-24 years,534,4
10/28/2020,United States,25,06/20/2020,Male,25-34 years,1101,15
10/28/2020,United States,25,06/20/2020,Male,35-44 years,1264,62
10/28/2020,United States,25,06/20/2020,Male,45-54 years,2298,155
10/28/2020,United States,25,06/20/2020,Male,55-64 years,4864,349
10/28/2020,United States,25,06/20/2020,Male,65-74 years,6725,472
10/28/2020,United States,25,06/20/2020,Male,75-84 years,7099,486
10/28/2020,United States,25,06/20/2020,Male,85 years and over,6296,427
10/28/2020,United States,25,06/20/2020,Female,All Ages,27270,1834
10/28/2020,United States,25,06/20/2020,Female,Under 1 year,172,0
10/28/2020,United States,25,06/20/2020,Female,1-4 years,26,0
10/28/2020,United States,25,06/20/2020,Female,5-14 years,50,0
10/28/2020,United States,25,06/20/2020,Female,15-24 years,191,6
10/28/2020,United States,25,06/20/2020,Female,25-34 years,440,17
10/28/2020,United States,25,06/20/2020,Female,35-44 years,698,38
10/28/2020,United States,25,06/20/2020,Female,45-54 years,1325,80
10/28/2020,United States,25,06/20/2020,Female,55-64 years,2894,168
10/28/2020,United States,25,06/20/2020,Female,65-74 years,4766,287
10/28/2020,United States,25,06/20/2020,Female,75-84 years,6589,467
10/28/2020,United States,25,06/20/2020,Female,85 years and over,10119,771
10/28/2020,United States,26,06/27/2020,All Sex,All Ages,58270,3787
10/28/2020,United States,26,06/27/2020,All Sex,Under 1 year,340,3
10/28/2020,United States,26,06/27/2020,All Sex,1-4 years,48,2
10/28/2020,United States,26,06/27/2020,All Sex,5-14 years,115,0
10/28/2020,United States,26,06/27/2020,All Sex,15-24 years,799,12
10/28/2020,United States,26,06/27/2020,All Sex,25-34 years,1525,34
10/28/2020,United States,26,06/27/2020,All Sex,35-44 years,2006,88
10/28/2020,United States,26,06/27/2020,All Sex,45-54 years,3573,262
10/28/2020,United States,26,06/27/2020,All Sex,55-64 years,7856,538
10/28/2020,United States,26,06/27/2020,All Sex,65-74 years,11466,798
10/28/2020,United States,26,06/27/2020,All Sex,75-84 years,13767,947
10/28/2020,United States,26,06/27/2020,All Sex,85 years and over,16775,1103
10/28/2020,United States,26,06/27/2020,Male,All Ages,30661,1998
10/28/2020,United States,26,06/27/2020,Male,Under 1 year,191,2
10/28/2020,United States,26,06/27/2020,Male,1-4 years,33,0
10/28/2020,United States,26,06/27/2020,Male,5-14 years,57,0
10/28/2020,United States,26,06/27/2020,Male,15-24 years,605,8
10/28/2020,United States,26,06/27/2020,Male,25-34 years,1101,21
10/28/2020,United States,26,06/27/2020,Male,35-44 years,1341,62
10/28/2020,United States,26,06/27/2020,Male,45-54 years,2277,173
10/28/2020,United States,26,06/27/2020,Male,55-64 years,4789,330
10/28/2020,United States,26,06/27/2020,Male,65-74 years,6588,473
10/28/2020,United States,26,06/27/2020,Male,75-84 years,7143,510
10/28/2020,United States,26,06/27/2020,Male,85 years and over,6536,419
10/28/2020,United States,26,06/27/2020,Female,All Ages,27609,1789
10/28/2020,United States,26,06/27/2020,Female,Under 1 year,149,1
10/28/2020,United States,26,06/27/2020,Female,1-4 years,15,2
10/28/2020,United States,26,06/27/2020,Female,5-14 years,58,0
10/28/2020,United States,26,06/27/2020,Female,15-24 years,194,4
10/28/2020,United States,26,06/27/2020,Female,25-34 years,424,13
10/28/2020,United States,26,06/27/2020,Female,35-44 years,665,26
10/28/2020,United States,26,06/27/2020,Female,45-54 years,1296,89
10/28/2020,United States,26,06/27/2020,Female,55-64 years,3067,208
10/28/2020,United States,26,06/27/2020,Female,65-74 years,4878,325
10/28/2020,United States,26,06/27/2020,Female,75-84 years,6624,437
10/28/2020,United States,26,06/27/2020,Female,85 years and over,10239,684
10/28/2020,United States,27,07/04/2020,All Sex,All Ages,59566,4481
10/28/2020,United States,27,07/04/2020,All Sex,Under 1 year,379,2
10/28/2020,United States,27,07/04/2020,All Sex,1-4 years,78,0
10/28/2020,United States,27,07/04/2020,All Sex,5-14 years,133,2
10/28/2020,United States,27,07/04/2020,All Sex,15-24 years,743,19
10/28/2020,United States,27,07/04/2020,All Sex,25-34 years,1540,66
10/28/2020,United States,27,07/04/2020,All Sex,35-44 years,2095,144
10/28/2020,United States,27,07/04/2020,All Sex,45-54 years,3749,317
10/28/2020,United States,27,07/04/2020,All Sex,55-64 years,8250,624
10/28/2020,United States,27,07/04/2020,All Sex,65-74 years,11768,970
10/28/2020,United States,27,07/04/2020,All Sex,75-84 years,13884,1077
10/28/2020,United States,27,07/04/2020,All Sex,85 years and over,16947,1260
10/28/2020,United States,27,07/04/2020,Male,All Ages,31402,2478
10/28/2020,United States,27,07/04/2020,Male,Under 1 year,208,2
10/28/2020,United States,27,07/04/2020,Male,1-4 years,37,0
10/28/2020,United States,27,07/04/2020,Male,5-14 years,69,2
10/28/2020,United States,27,07/04/2020,Male,15-24 years,570,13
10/28/2020,United States,27,07/04/2020,Male,25-34 years,1099,41
10/28/2020,United States,27,07/04/2020,Male,35-44 years,1409,96
10/28/2020,United States,27,07/04/2020,Male,45-54 years,2351,215
10/28/2020,United States,27,07/04/2020,Male,55-64 years,5096,400
10/28/2020,United States,27,07/04/2020,Male,65-74 years,6717,596
10/28/2020,United States,27,07/04/2020,Male,75-84 years,7237,599
10/28/2020,United States,27,07/04/2020,Male,85 years and over,6609,514
10/28/2020,United States,27,07/04/2020,Female,All Ages,28164,2003
10/28/2020,United States,27,07/04/2020,Female,Under 1 year,171,0
10/28/2020,United States,27,07/04/2020,Female,1-4 years,41,0
10/28/2020,United States,27,07/04/2020,Female,5-14 years,64,0
10/28/2020,United States,27,07/04/2020,Female,15-24 years,173,6
10/28/2020,United States,27,07/04/2020,Female,25-34 years,441,25
10/28/2020,United States,27,07/04/2020,Female,35-44 years,686,48
10/28/2020,United States,27,07/04/2020,Female,45-54 years,1398,102
10/28/2020,United States,27,07/04/2020,Female,55-64 years,3154,224
10/28/2020,United States,27,07/04/2020,Female,65-74 years,5051,374
10/28/2020,United States,27,07/04/2020,Female,75-84 years,6647,478
10/28/2020,United States,27,07/04/2020,Female,85 years and over,10338,746
10/28/2020,United States,28,07/11/2020,All Sex,All Ages,61604,5711
10/28/2020,United States,28,07/11/2020,All Sex,Under 1 year,381,3
10/28/2020,United States,28,07/11/2020,All Sex,1-4 years,78,1
10/28/2020,United States,28,07/11/2020,All Sex,5-14 years,135,3
10/28/2020,United States,28,07/11/2020,All Sex,15-24 years,835,21
10/28/2020,United States,28,07/11/2020,All Sex,25-34 years,1493,72
10/28/2020,United States,28,07/11/2020,All Sex,35-44 years,2222,198
10/28/2020,United States,28,07/11/2020,All Sex,45-54 years,3868,366
10/28/2020,United States,28,07/11/2020,All Sex,55-64 years,8584,836
10/28/2020,United States,28,07/11/2020,All Sex,65-74 years,12485,1259
10/28/2020,United States,28,07/11/2020,All Sex,75-84 years,14319,1477
10/28/2020,United States,28,07/11/2020,All Sex,85 years and over,17204,1475
10/28/2020,United States,28,07/11/2020,Male,All Ages,32676,3218
10/28/2020,United States,28,07/11/2020,Male,Under 1 year,215,3
10/28/2020,United States,28,07/11/2020,Male,1-4 years,55,1
10/28/2020,United States,28,07/11/2020,Male,5-14 years,74,1
10/28/2020,United States,28,07/11/2020,Male,15-24 years,620,12
10/28/2020,United States,28,07/11/2020,Male,25-34 years,1032,54
10/28/2020,United States,28,07/11/2020,Male,35-44 years,1506,132
10/28/2020,United States,28,07/11/2020,Male,45-54 years,2491,247
10/28/2020,United States,28,07/11/2020,Male,55-64 years,5345,534
10/28/2020,United States,28,07/11/2020,Male,65-74 years,7328,801
10/28/2020,United States,28,07/11/2020,Male,75-84 years,7416,791
10/28/2020,United States,28,07/11/2020,Male,85 years and over,6594,642
10/28/2020,United States,28,07/11/2020,Female,All Ages,28928,2493
10/28/2020,United States,28,07/11/2020,Female,Under 1 year,166,0
10/28/2020,United States,28,07/11/2020,Female,1-4 years,23,0
10/28/2020,United States,28,07/11/2020,Female,5-14 years,61,2
10/28/2020,United States,28,07/11/2020,Female,15-24 years,215,9
10/28/2020,United States,28,07/11/2020,Female,25-34 years,461,18
10/28/2020,United States,28,07/11/2020,Female,35-44 years,716,66
10/28/2020,United States,28,07/11/2020,Female,45-54 years,1377,119
10/28/2020,United States,28,07/11/2020,Female,55-64 years,3239,302
10/28/2020,United States,28,07/11/2020,Female,65-74 years,5157,458
10/28/2020,United States,28,07/11/2020,Female,75-84 years,6903,686
10/28/2020,United States,28,07/11/2020,Female,85 years and over,10610,833
10/28/2020,United States,29,07/18/2020,All Sex,All Ages,62799,7093
10/28/2020,United States,29,07/18/2020,All Sex,Under 1 year,314,1
10/28/2020,United States,29,07/18/2020,All Sex,1-4 years,74,0
10/28/2020,United States,29,07/18/2020,All Sex,5-14 years,120,2
10/28/2020,United States,29,07/18/2020,All Sex,15-24 years,787,22
10/28/2020,United States,29,07/18/2020,All Sex,25-34 years,1607,98
10/28/2020,United States,29,07/18/2020,All Sex,35-44 years,2263,191
10/28/2020,United States,29,07/18/2020,All Sex,45-54 years,3838,453
10/28/2020,United States,29,07/18/2020,All Sex,55-64 years,8488,1024
10/28/2020,United States,29,07/18/2020,All Sex,65-74 years,12576,1595
10/28/2020,United States,29,07/18/2020,All Sex,75-84 years,14864,1816
10/28/2020,United States,29,07/18/2020,All Sex,85 years and over,17868,1891
10/28/2020,United States,29,07/18/2020,Male,All Ages,33324,3988
10/28/2020,United States,29,07/18/2020,Male,Under 1 year,178,1
10/28/2020,United States,29,07/18/2020,Male,1-4 years,39,0
10/28/2020,United States,29,07/18/2020,Male,5-14 years,77,0
10/28/2020,United States,29,07/18/2020,Male,15-24 years,607,17
10/28/2020,United States,29,07/18/2020,Male,25-34 years,1152,59
10/28/2020,United States,29,07/18/2020,Male,35-44 years,1500,126
10/28/2020,United States,29,07/18/2020,Male,45-54 years,2381,295
10/28/2020,United States,29,07/18/2020,Male,55-64 years,5296,658
10/28/2020,United States,29,07/18/2020,Male,65-74 years,7304,956
10/28/2020,United States,29,07/18/2020,Male,75-84 years,7757,1056
10/28/2020,United States,29,07/18/2020,Male,85 years and over,7033,820
10/28/2020,United States,29,07/18/2020,Female,All Ages,29475,3105
10/28/2020,United States,29,07/18/2020,Female,Under 1 year,136,0
10/28/2020,United States,29,07/18/2020,Female,1-4 years,35,0
10/28/2020,United States,29,07/18/2020,Female,5-14 years,43,2
10/28/2020,United States,29,07/18/2020,Female,15-24 years,180,5
10/28/2020,United States,29,07/18/2020,Female,25-34 years,455,39
10/28/2020,United States,29,07/18/2020,Female,35-44 years,763,65
10/28/2020,United States,29,07/18/2020,Female,45-54 years,1457,158
10/28/2020,United States,29,07/18/2020,Female,55-64 years,3192,366
10/28/2020,United States,29,07/18/2020,Female,65-74 years,5272,639
10/28/2020,United States,29,07/18/2020,Female,75-84 years,7107,760
10/28/2020,United States,29,07/18/2020,Female,85 years and over,10835,1071
10/28/2020,United States,30,07/25/2020,All Sex,All Ages,63834,8097
10/28/2020,United States,30,07/25/2020,All Sex,Under 1 year,365,0
10/28/2020,United States,30,07/25/2020,All Sex,1-4 years,81,0
10/28/2020,United States,30,07/25/2020,All Sex,5-14 years,117,3
10/28/2020,United States,30,07/25/2020,All Sex,15-24 years,770,25
10/28/2020,United States,30,07/25/2020,All Sex,25-34 years,1591,81
10/28/2020,United States,30,07/25/2020,All Sex,35-44 years,2183,219
10/28/2020,United States,30,07/25/2020,All Sex,45-54 years,3871,508
10/28/2020,United States,30,07/25/2020,All Sex,55-64 years,8599,1127
10/28/2020,United States,30,07/25/2020,All Sex,65-74 years,12939,1899
10/28/2020,United States,30,07/25/2020,All Sex,75-84 years,15356,2139
10/28/2020,United States,30,07/25/2020,All Sex,85 years and over,17962,2096
10/28/2020,United States,30,07/25/2020,Male,All Ages,33850,4481
10/28/2020,United States,30,07/25/2020,Male,Under 1 year,214,0
10/28/2020,United States,30,07/25/2020,Male,1-4 years,47,0
10/28/2020,United States,30,07/25/2020,Male,5-14 years,72,3
10/28/2020,United States,30,07/25/2020,Male,15-24 years,582,11
10/28/2020,United States,30,07/25/2020,Male,25-34 years,1097,51
10/28/2020,United States,30,07/25/2020,Male,35-44 years,1447,145
10/28/2020,United States,30,07/25/2020,Male,45-54 years,2430,325
10/28/2020,United States,30,07/25/2020,Male,55-64 years,5251,696
10/28/2020,United States,30,07/25/2020,Male,65-74 years,7606,1147
10/28/2020,United States,30,07/25/2020,Male,75-84 years,8080,1224
10/28/2020,United States,30,07/25/2020,Male,85 years and over,7024,879
10/28/2020,United States,30,07/25/2020,Female,All Ages,29984,3616
10/28/2020,United States,30,07/25/2020,Female,Under 1 year,151,0
10/28/2020,United States,30,07/25/2020,Female,1-4 years,34,0
10/28/2020,United States,30,07/25/2020,Female,5-14 years,45,0
10/28/2020,United States,30,07/25/2020,Female,15-24 years,188,14
10/28/2020,United States,30,07/25/2020,Female,25-34 years,494,30
10/28/2020,United States,30,07/25/2020,Female,35-44 years,736,74
10/28/2020,United States,30,07/25/2020,Female,45-54 years,1441,183
10/28/2020,United States,30,07/25/2020,Female,55-64 years,3348,431
10/28/2020,United States,30,07/25/2020,Female,65-74 years,5333,752
10/28/2020,United States,30,07/25/2020,Female,75-84 years,7276,915
10/28/2020,United States,30,07/25/2020,Female,85 years and over,10938,1217
10/28/2020,United States,31,08/01/2020,All Sex,All Ages,63713,8178
10/28/2020,United States,31,08/01/2020,All Sex,Under 1 year,318,1
10/28/2020,United States,31,08/01/2020,All Sex,1-4 years,68,0
10/28/2020,United States,31,08/01/2020,All Sex,5-14 years,103,5
10/28/2020,United States,31,08/01/2020,All Sex,15-24 years,737,21
10/28/2020,United States,31,08/01/2020,All Sex,25-34 years,1484,56
10/28/2020,United States,31,08/01/2020,All Sex,35-44 years,2213,195
10/28/2020,United States,31,08/01/2020,All Sex,45-54 years,3800,499
10/28/2020,United States,31,08/01/2020,All Sex,55-64 years,8692,1164
10/28/2020,United States,31,08/01/2020,All Sex,65-74 years,12993,1914
10/28/2020,United States,31,08/01/2020,All Sex,75-84 years,15395,2183
10/28/2020,United States,31,08/01/2020,All Sex,85 years and over,17910,2140
10/28/2020,United States,31,08/01/2020,Male,All Ages,33777,4604
10/28/2020,United States,31,08/01/2020,Male,Under 1 year,162,0
10/28/2020,United States,31,08/01/2020,Male,1-4 years,37,0
10/28/2020,United States,31,08/01/2020,Male,5-14 years,57,4
10/28/2020,United States,31,08/01/2020,Male,15-24 years,548,12
10/28/2020,United States,31,08/01/2020,Male,25-34 years,1103,39
10/28/2020,United States,31,08/01/2020,Male,35-44 years,1490,133
10/28/2020,United States,31,08/01/2020,Male,45-54 years,2396,325
10/28/2020,United States,31,08/01/2020,Male,55-64 years,5354,752
10/28/2020,United States,31,08/01/2020,Male,65-74 years,7589,1134
10/28/2020,United States,31,08/01/2020,Male,75-84 years,8092,1256
10/28/2020,United States,31,08/01/2020,Male,85 years and over,6949,949
10/28/2020,United States,31,08/01/2020,Female,All Ages,29936,3574
10/28/2020,United States,31,08/01/2020,Female,Under 1 year,156,1
10/28/2020,United States,31,08/01/2020,Female,1-4 years,31,0
10/28/2020,United States,31,08/01/2020,Female,5-14 years,46,1
10/28/2020,United States,31,08/01/2020,Female,15-24 years,189,9
10/28/2020,United States,31,08/01/2020,Female,25-34 years,381,17
10/28/2020,United States,31,08/01/2020,Female,35-44 years,723,62
10/28/2020,United States,31,08/01/2020,Female,45-54 years,1404,174
10/28/2020,United States,31,08/01/2020,Female,55-64 years,3338,412
10/28/2020,United States,31,08/01/2020,Female,65-74 years,5404,780
10/28/2020,United States,31,08/01/2020,Female,75-84 years,7303,927
10/28/2020,United States,31,08/01/2020,Female,85 years and over,10961,1191
10/28/2020,United States,32,08/08/2020,All Sex,All Ages,62978,7722
10/28/2020,United States,32,08/08/2020,All Sex,Under 1 year,370,0
10/28/2020,United States,32,08/08/2020,All Sex,1-4 years,72,1
10/28/2020,United States,32,08/08/2020,All Sex,5-14 years,94,3
10/28/2020,United States,32,08/08/2020,All Sex,15-24 years,707,15
10/28/2020,United States,32,08/08/2020,All Sex,25-34 years,1475,61
10/28/2020,United States,32,08/08/2020,All Sex,35-44 years,2105,173
10/28/2020,United States,32,08/08/2020,All Sex,45-54 years,3807,458
10/28/2020,United States,32,08/08/2020,All Sex,55-64 years,8688,1065
10/28/2020,United States,32,08/08/2020,All Sex,65-74 years,12681,1787
10/28/2020,United States,32,08/08/2020,All Sex,75-84 years,15321,2122
10/28/2020,United States,32,08/08/2020,All Sex,85 years and over,17658,2037
10/28/2020,United States,32,08/08/2020,Male,All Ages,33361,4310
10/28/2020,United States,32,08/08/2020,Male,Under 1 year,199,0
10/28/2020,United States,32,08/08/2020,Male,1-4 years,46,1
10/28/2020,United States,32,08/08/2020,Male,5-14 years,59,1
10/28/2020,United States,32,08/08/2020,Male,15-24 years,534,10
10/28/2020,United States,32,08/08/2020,Male,25-34 years,1046,35
10/28/2020,United States,32,08/08/2020,Male,35-44 years,1386,107
10/28/2020,United States,32,08/08/2020,Male,45-54 years,2417,306
10/28/2020,United States,32,08/08/2020,Male,55-64 years,5272,669
10/28/2020,United States,32,08/08/2020,Male,65-74 years,7485,1086
10/28/2020,United States,32,08/08/2020,Male,75-84 years,8055,1221
10/28/2020,United States,32,08/08/2020,Male,85 years and over,6862,874
10/28/2020,United States,32,08/08/2020,Female,All Ages,29617,3412
10/28/2020,United States,32,08/08/2020,Female,Under 1 year,171,0
10/28/2020,United States,32,08/08/2020,Female,1-4 years,26,0
10/28/2020,United States,32,08/08/2020,Female,5-14 years,35,2
10/28/2020,United States,32,08/08/2020,Female,15-24 years,173,5
10/28/2020,United States,32,08/08/2020,Female,25-34 years,429,26
10/28/2020,United States,32,08/08/2020,Female,35-44 years,719,66
10/28/2020,United States,32,08/08/2020,Female,45-54 years,1390,152
10/28/2020,United States,32,08/08/2020,Female,55-64 years,3416,396
10/28/2020,United States,32,08/08/2020,Female,65-74 years,5196,701
10/28/2020,United States,32,08/08/2020,Female,75-84 years,7266,901
10/28/2020,United States,32,08/08/2020,Female,85 years and over,10796,1163
10/28/2020,United States,33,08/15/2020,All Sex,All Ages,62524,7079
10/28/2020,United States,33,08/15/2020,All Sex,Under 1 year,317,1
10/28/2020,United States,33,08/15/2020,All Sex,1-4 years,64,1
10/28/2020,United States,33,08/15/2020,All Sex,5-14 years,105,0
10/28/2020,United States,33,08/15/2020,All Sex,15-24 years,763,18
10/28/2020,United States,33,08/15/2020,All Sex,25-34 years,1513,54
10/28/2020,United States,33,08/15/2020,All Sex,35-44 years,2058,166
10/28/2020,United States,33,08/15/2020,All Sex,45-54 years,3735,407
10/28/2020,United States,33,08/15/2020,All Sex,55-64 years,8338,984
10/28/2020,United States,33,08/15/2020,All Sex,65-74 years,12700,1596
10/28/2020,United States,33,08/15/2020,All Sex,75-84 years,15169,1951
10/28/2020,United States,33,08/15/2020,All Sex,85 years and over,17762,1901
10/28/2020,United States,33,08/15/2020,Male,All Ages,32864,3908
10/28/2020,United States,33,08/15/2020,Male,Under 1 year,176,0
10/28/2020,United States,33,08/15/2020,Male,1-4 years,30,0
10/28/2020,United States,33,08/15/2020,Male,5-14 years,63,0
10/28/2020,United States,33,08/15/2020,Male,15-24 years,553,10
10/28/2020,United States,33,08/15/2020,Male,25-34 years,1065,32
10/28/2020,United States,33,08/15/2020,Male,35-44 years,1347,102
10/28/2020,United States,33,08/15/2020,Male,45-54 years,2339,277
10/28/2020,United States,33,08/15/2020,Male,55-64 years,5143,616
10/28/2020,United States,33,08/15/2020,Male,65-74 years,7471,964
10/28/2020,United States,33,08/15/2020,Male,75-84 years,7871,1099
10/28/2020,United States,33,08/15/2020,Male,85 years and over,6806,808
10/28/2020,United States,33,08/15/2020,Female,All Ages,29660,3171
10/28/2020,United States,33,08/15/2020,Female,Under 1 year,141,1
10/28/2020,United States,33,08/15/2020,Female,1-4 years,34,1
10/28/2020,United States,33,08/15/2020,Female,5-14 years,42,0
10/28/2020,United States,33,08/15/2020,Female,15-24 years,210,8
10/28/2020,United States,33,08/15/2020,Female,25-34 years,448,22
10/28/2020,United States,33,08/15/2020,Female,35-44 years,711,64
10/28/2020,United States,33,08/15/2020,Female,45-54 years,1396,130
10/28/2020,United States,33,08/15/2020,Female,55-64 years,3195,368
10/28/2020,United States,33,08/15/2020,Female,65-74 years,5229,632
10/28/2020,United States,33,08/15/2020,Female,75-84 years,7298,852
10/28/2020,United States,33,08/15/2020,Female,85 years and over,10956,1093
10/28/2020,United States,34,08/22/2020,All Sex,All Ages,60907,6169
10/28/2020,United States,34,08/22/2020,All Sex,Under 1 year,328,0
10/28/2020,United States,34,08/22/2020,All Sex,1-4 years,47,2
10/28/2020,United States,34,08/22/2020,All Sex,5-14 years,90,1
10/28/2020,United States,34,08/22/2020,All Sex,15-24 years,745,18
10/28/2020,United States,34,08/22/2020,All Sex,25-34 years,1396,47
10/28/2020,United States,34,08/22/2020,All Sex,35-44 years,1963,118
10/28/2020,United States,34,08/22/2020,All Sex,45-54 years,3646,374
10/28/2020,United States,34,08/22/2020,All Sex,55-64 years,7989,854
10/28/2020,United States,34,08/22/2020,All Sex,65-74 years,12414,1455
10/28/2020,United States,34,08/22/2020,All Sex,75-84 years,14758,1634
10/28/2020,United States,34,08/22/2020,All Sex,85 years and over,17531,1666
10/28/2020,United States,34,08/22/2020,Male,All Ages,31911,3300
10/28/2020,United States,34,08/22/2020,Male,Under 1 year,175,0
10/28/2020,United States,34,08/22/2020,Male,1-4 years,26,1
10/28/2020,United States,34,08/22/2020,Male,5-14 years,54,0
10/28/2020,United States,34,08/22/2020,Male,15-24 years,534,10
10/28/2020,United States,34,08/22/2020,Male,25-34 years,1000,28
10/28/2020,United States,34,08/22/2020,Male,35-44 years,1325,74
10/28/2020,United States,34,08/22/2020,Male,45-54 years,2306,238
10/28/2020,United States,34,08/22/2020,Male,55-64 years,4868,508
10/28/2020,United States,34,08/22/2020,Male,65-74 years,7222,870
10/28/2020,United States,34,08/22/2020,Male,75-84 years,7615,869
10/28/2020,United States,34,08/22/2020,Male,85 years and over,6786,702
10/28/2020,United States,34,08/22/2020,Female,All Ages,28996,2869
10/28/2020,United States,34,08/22/2020,Female,Under 1 year,153,0
10/28/2020,United States,34,08/22/2020,Female,1-4 years,21,1
10/28/2020,United States,34,08/22/2020,Female,5-14 years,36,1
10/28/2020,United States,34,08/22/2020,Female,15-24 years,211,8
10/28/2020,United States,34,08/22/2020,Female,25-34 years,396,19
10/28/2020,United States,34,08/22/2020,Female,35-44 years,638,44
10/28/2020,United States,34,08/22/2020,Female,45-54 years,1340,136
10/28/2020,United States,34,08/22/2020,Female,55-64 years,3121,346
10/28/2020,United States,34,08/22/2020,Female,65-74 years,5192,585
10/28/2020,United States,34,08/22/2020,Female,75-84 years,7143,765
10/28/2020,United States,34,08/22/2020,Female,85 years and over,10745,964
10/28/2020,United States,35,08/29/2020,All Sex,All Ages,58710,5437
10/28/2020,United States,35,08/29/2020,All Sex,Under 1 year,326,0
10/28/2020,United States,35,08/29/2020,All Sex,1-4 years,55,0
10/28/2020,United States,35,08/29/2020,All Sex,5-14 years,98,1
10/28/2020,United States,35,08/29/2020,All Sex,15-24 years,702,11
10/28/2020,United States,35,08/29/2020,All Sex,25-34 years,1377,33
10/28/2020,United States,35,08/29/2020,All Sex,35-44 years,1939,94
10/28/2020,United States,35,08/29/2020,All Sex,45-54 years,3426,271
10/28/2020,United States,35,08/29/2020,All Sex,55-64 years,7773,747
10/28/2020,United States,35,08/29/2020,All Sex,65-74 years,11700,1288
10/28/2020,United States,35,08/29/2020,All Sex,75-84 years,14147,1452
10/28/2020,United States,35,08/29/2020,All Sex,85 years and over,17167,1540
10/28/2020,United States,35,08/29/2020,Male,All Ages,30558,2917
10/28/2020,United States,35,08/29/2020,Male,Under 1 year,162,0
10/28/2020,United States,35,08/29/2020,Male,1-4 years,28,0
10/28/2020,United States,35,08/29/2020,Male,5-14 years,52,1
10/28/2020,United States,35,08/29/2020,Male,15-24 years,521,8
10/28/2020,United States,35,08/29/2020,Male,25-34 years,993,20
10/28/2020,United States,35,08/29/2020,Male,35-44 years,1295,64
10/28/2020,United States,35,08/29/2020,Male,45-54 years,2107,174
10/28/2020,United States,35,08/29/2020,Male,55-64 years,4740,463
10/28/2020,United States,35,08/29/2020,Male,65-74 years,6711,766
10/28/2020,United States,35,08/29/2020,Male,75-84 years,7278,790
10/28/2020,United States,35,08/29/2020,Male,85 years and over,6671,631
10/28/2020,United States,35,08/29/2020,Female,All Ages,28152,2520
10/28/2020,United States,35,08/29/2020,Female,Under 1 year,164,0
10/28/2020,United States,35,08/29/2020,Female,1-4 years,27,0
10/28/2020,United States,35,08/29/2020,Female,5-14 years,46,0
10/28/2020,United States,35,08/29/2020,Female,15-24 years,181,3
10/28/2020,United States,35,08/29/2020,Female,25-34 years,384,13
10/28/2020,United States,35,08/29/2020,Female,35-44 years,644,30
10/28/2020,United States,35,08/29/2020,Female,45-54 years,1319,97
10/28/2020,United States,35,08/29/2020,Female,55-64 years,3033,284
10/28/2020,United States,35,08/29/2020,Female,65-74 years,4989,522
10/28/2020,United States,35,08/29/2020,Female,75-84 years,6869,662
10/28/2020,United States,35,08/29/2020,Female,85 years and over,10496,909
10/28/2020,United States,36,09/05/2020,All Sex,All Ages,57229,4669
10/28/2020,United States,36,09/05/2020,All Sex,Under 1 year,307,0
10/28/2020,United States,36,09/05/2020,All Sex,1-4 years,55,0
10/28/2020,United States,36,09/05/2020,All Sex,5-14 years,94,0
10/28/2020,United States,36,09/05/2020,All Sex,15-24 years,659,10
10/28/2020,United States,36,09/05/2020,All Sex,25-34 years,1337,30
10/28/2020,United States,36,09/05/2020,All Sex,35-44 years,1975,80
10/28/2020,United States,36,09/05/2020,All Sex,45-54 years,3424,235
10/28/2020,United States,36,09/05/2020,All Sex,55-64 years,7565,622
10/28/2020,United States,36,09/05/2020,All Sex,65-74 years,11527,1039
10/28/2020,United States,36,09/05/2020,All Sex,75-84 years,13727,1331
10/28/2020,United States,36,09/05/2020,All Sex,85 years and over,16559,1322
10/28/2020,United States,36,09/05/2020,Male,All Ages,29866,2487
10/28/2020,United States,36,09/05/2020,Male,Under 1 year,164,0
10/28/2020,United States,36,09/05/2020,Male,1-4 years,31,0
10/28/2020,United States,36,09/05/2020,Male,5-14 years,54,0
10/28/2020,United States,36,09/05/2020,Male,15-24 years,491,3
10/28/2020,United States,36,09/05/2020,Male,25-34 years,981,22
10/28/2020,United States,36,09/05/2020,Male,35-44 years,1266,43
10/28/2020,United States,36,09/05/2020,Male,45-54 years,2189,153
10/28/2020,United States,36,09/05/2020,Male,55-64 years,4620,364
10/28/2020,United States,36,09/05/2020,Male,65-74 years,6612,624
10/28/2020,United States,36,09/05/2020,Male,75-84 years,7101,745
10/28/2020,United States,36,09/05/2020,Male,85 years and over,6357,533
10/28/2020,United States,36,09/05/2020,Female,All Ages,27363,2182
10/28/2020,United States,36,09/05/2020,Female,Under 1 year,143,0
10/28/2020,United States,36,09/05/2020,Female,1-4 years,24,0
10/28/2020,United States,36,09/05/2020,Female,5-14 years,40,0
10/28/2020,United States,36,09/05/2020,Female,15-24 years,168,7
10/28/2020,United States,36,09/05/2020,Female,25-34 years,356,8
10/28/2020,United States,36,09/05/2020,Female,35-44 years,709,37
10/28/2020,United States,36,09/05/2020,Female,45-54 years,1235,82
10/28/2020,United States,36,09/05/2020,Female,55-64 years,2945,258
10/28/2020,United States,36,09/05/2020,Female,65-74 years,4915,415
10/28/2020,United States,36,09/05/2020,Female,75-84 years,6626,586
10/28/2020,United States,36,09/05/2020,Female,85 years and over,10202,789
10/28/2020,United States,37,09/12/2020,All Sex,All Ages,56128,4228
10/28/2020,United States,37,09/12/2020,All Sex,Under 1 year,328,0
10/28/2020,United States,37,09/12/2020,All Sex,1-4 years,58,0
10/28/2020,United States,37,09/12/2020,All Sex,5-14 years,98,1
10/28/2020,United States,37,09/12/2020,All Sex,15-24 years,689,10
10/28/2020,United States,37,09/12/2020,All Sex,25-34 years,1286,38
10/28/2020,United States,37,09/12/2020,All Sex,35-44 years,1825,91
10/28/2020,United States,37,09/12/2020,All Sex,45-54 years,3200,225
10/28/2020,United States,37,09/12/2020,All Sex,55-64 years,7556,593
10/28/2020,United States,37,09/12/2020,All Sex,65-74 years,11196,978
10/28/2020,United States,37,09/12/2020,All Sex,75-84 years,13502,1137
10/28/2020,United States,37,09/12/2020,All Sex,85 years and over,16390,1155
10/28/2020,United States,37,09/12/2020,Male,All Ages,29427,2292
10/28/2020,United States,37,09/12/2020,Male,Under 1 year,194,0
10/28/2020,United States,37,09/12/2020,Male,1-4 years,38,0
10/28/2020,United States,37,09/12/2020,Male,5-14 years,61,1
10/28/2020,United States,37,09/12/2020,Male,15-24 years,522,6
10/28/2020,United States,37,09/12/2020,Male,25-34 years,915,24
10/28/2020,United States,37,09/12/2020,Male,35-44 years,1197,57
10/28/2020,United States,37,09/12/2020,Male,45-54 years,2026,141
10/28/2020,United States,37,09/12/2020,Male,55-64 years,4667,390
10/28/2020,United States,37,09/12/2020,Male,65-74 years,6491,573
10/28/2020,United States,37,09/12/2020,Male,75-84 years,7034,614
10/28/2020,United States,37,09/12/2020,Male,85 years and over,6282,486
10/28/2020,United States,37,09/12/2020,Female,All Ages,26701,1936
10/28/2020,United States,37,09/12/2020,Female,Under 1 year,134,0
10/28/2020,United States,37,09/12/2020,Female,1-4 years,20,0
10/28/2020,United States,37,09/12/2020,Female,5-14 years,37,0
10/28/2020,United States,37,09/12/2020,Female,15-24 years,167,4
10/28/2020,United States,37,09/12/2020,Female,25-34 years,371,14
10/28/2020,United States,37,09/12/2020,Female,35-44 years,628,34
10/28/2020,United States,37,09/12/2020,Female,45-54 years,1174,84
10/28/2020,United States,37,09/12/2020,Female,55-64 years,2889,203
10/28/2020,United States,37,09/12/2020,Female,65-74 years,4705,405
10/28/2020,United States,37,09/12/2020,Female,75-84 years,6468,523
10/28/2020,United States,37,09/12/2020,Female,85 years and over,10108,669
10/28/2020,United States,38,09/19/2020,All Sex,All Ages,55335,3806
10/28/2020,United States,38,09/19/2020,All Sex,Under 1 year,305,1
10/28/2020,United States,38,09/19/2020,All Sex,1-4 years,55,0
10/28/2020,United States,38,09/19/2020,All Sex,5-14 years,95,1
10/28/2020,United States,38,09/19/2020,All Sex,15-24 years,659,6
10/28/2020,United States,38,09/19/2020,All Sex,25-34 years,1252,27
10/28/2020,United States,38,09/19/2020,All Sex,35-44 years,1691,65
10/28/2020,United States,38,09/19/2020,All Sex,45-54 years,3099,168
10/28/2020,United States,38,09/19/2020,All Sex,55-64 years,7232,482
10/28/2020,United States,38,09/19/2020,All Sex,65-74 years,11194,887
10/28/2020,United States,38,09/19/2020,All Sex,75-84 years,13384,1031
10/28/2020,United States,38,09/19/2020,All Sex,85 years and over,16369,1138
10/28/2020,United States,38,09/19/2020,Male,All Ages,28917,2033
10/28/2020,United States,38,09/19/2020,Male,Under 1 year,162,1
10/28/2020,United States,38,09/19/2020,Male,1-4 years,37,0
10/28/2020,United States,38,09/19/2020,Male,5-14 years,62,0
10/28/2020,United States,38,09/19/2020,Male,15-24 years,497,4
10/28/2020,United States,38,09/19/2020,Male,25-34 years,888,14
10/28/2020,United States,38,09/19/2020,Male,35-44 years,1117,44
10/28/2020,United States,38,09/19/2020,Male,45-54 years,1918,107
10/28/2020,United States,38,09/19/2020,Male,55-64 years,4425,300
10/28/2020,United States,38,09/19/2020,Male,65-74 years,6463,519
10/28/2020,United States,38,09/19/2020,Male,75-84 years,6963,581
10/28/2020,United States,38,09/19/2020,Male,85 years and over,6385,463
10/28/2020,United States,38,09/19/2020,Female,All Ages,26418,1773
10/28/2020,United States,38,09/19/2020,Female,Under 1 year,143,0
10/28/2020,United States,38,09/19/2020,Female,1-4 years,18,0
10/28/2020,United States,38,09/19/2020,Female,5-14 years,33,1
10/28/2020,United States,38,09/19/2020,Female,15-24 years,162,2
10/28/2020,United States,38,09/19/2020,Female,25-34 years,364,13
10/28/2020,United States,38,09/19/2020,Female,35-44 years,574,21
10/28/2020,United States,38,09/19/2020,Female,45-54 years,1181,61
10/28/2020,United States,38,09/19/2020,Female,55-64 years,2807,182
10/28/2020,United States,38,09/19/2020,Female,65-74 years,4731,368
10/28/2020,United States,38,09/19/2020,Female,75-84 years,6421,450
10/28/2020,United States,38,09/19/2020,Female,85 years and over,9984,675
10/28/2020,United States,39,09/26/2020,All Sex,All Ages,55212,3738
10/28/2020,United States,39,09/26/2020,All Sex,Under 1 year,266,1
10/28/2020,United States,39,09/26/2020,All Sex,1-4 years,46,0
10/28/2020,United States,39,09/26/2020,All Sex,5-14 years,89,1
10/28/2020,United States,39,09/26/2020,All Sex,15-24 years,588,5
10/28/2020,United States,39,09/26/2020,All Sex,25-34 years,1206,25
10/28/2020,United States,39,09/26/2020,All Sex,35-44 years,1712,73
10/28/2020,United States,39,09/26/2020,All Sex,45-54 years,3076,193
10/28/2020,United States,39,09/26/2020,All Sex,55-64 years,7099,465
10/28/2020,United States,39,09/26/2020,All Sex,65-74 years,11024,830
10/28/2020,United States,39,09/26/2020,All Sex,75-84 years,13412,1026
10/28/2020,United States,39,09/26/2020,All Sex,85 years and over,16694,1119
10/28/2020,United States,39,09/26/2020,Male,All Ages,28598,2066
10/28/2020,United States,39,09/26/2020,Male,Under 1 year,161,1
10/28/2020,United States,39,09/26/2020,Male,1-4 years,29,0
10/28/2020,United States,39,09/26/2020,Male,5-14 years,58,0
10/28/2020,United States,39,09/26/2020,Male,15-24 years,444,2
10/28/2020,United States,39,09/26/2020,Male,25-34 years,842,13
10/28/2020,United States,39,09/26/2020,Male,35-44 years,1106,47
10/28/2020,United States,39,09/26/2020,Male,45-54 years,1940,134
10/28/2020,United States,39,09/26/2020,Male,55-64 years,4271,290
10/28/2020,United States,39,09/26/2020,Male,65-74 years,6326,491
10/28/2020,United States,39,09/26/2020,Male,75-84 years,6861,590
10/28/2020,United States,39,09/26/2020,Male,85 years and over,6560,498
10/28/2020,United States,39,09/26/2020,Female,All Ages,26614,1672
10/28/2020,United States,39,09/26/2020,Female,Under 1 year,105,0
10/28/2020,United States,39,09/26/2020,Female,1-4 years,17,0
10/28/2020,United States,39,09/26/2020,Female,5-14 years,31,1
10/28/2020,United States,39,09/26/2020,Female,15-24 years,144,3
10/28/2020,United States,39,09/26/2020,Female,25-34 years,364,12
10/28/2020,United States,39,09/26/2020,Female,35-44 years,606,26
10/28/2020,United States,39,09/26/2020,Female,45-54 years,1136,59
10/28/2020,United States,39,09/26/2020,Female,55-64 years,2828,175
10/28/2020,United States,39,09/26/2020,Female,65-74 years,4698,339
10/28/2020,United States,39,09/26/2020,Female,75-84 years,6551,436
10/28/2020,United States,39,09/26/2020,Female,85 years and over,10134,621
10/28/2020,United States,40,10/03/2020,All Sex,All Ages,52472,3457
10/28/2020,United States,40,10/03/2020,All Sex,Under 1 year,265,0
10/28/2020,United States,40,10/03/2020,All Sex,1-4 years,42,0
10/28/2020,United States,40,10/03/2020,All Sex,5-14 years,101,1
10/28/2020,United States,40,10/03/2020,All Sex,15-24 years,596,2
10/28/2020,United States,40,10/03/2020,All Sex,25-34 years,1070,22
10/28/2020,United States,40,10/03/2020,All Sex,35-44 years,1610,55
10/28/2020,United States,40,10/03/2020,All Sex,45-54 years,2846,160
10/28/2020,United States,40,10/03/2020,All Sex,55-64 years,6689,395
10/28/2020,United States,40,10/03/2020,All Sex,65-74 years,10538,763
10/28/2020,United States,40,10/03/2020,All Sex,75-84 years,12864,940
10/28/2020,United States,40,10/03/2020,All Sex,85 years and over,15851,1119
10/28/2020,United States,40,10/03/2020,Male,All Ages,27037,1895
10/28/2020,United States,40,10/03/2020,Male,Under 1 year,151,0
10/28/2020,United States,40,10/03/2020,Male,1-4 years,20,0
10/28/2020,United States,40,10/03/2020,Male,5-14 years,60,0
10/28/2020,United States,40,10/03/2020,Male,15-24 years,432,1
10/28/2020,United States,40,10/03/2020,Male,25-34 years,753,10
10/28/2020,United States,40,10/03/2020,Male,35-44 years,1056,31
10/28/2020,United States,40,10/03/2020,Male,45-54 years,1777,110
10/28/2020,United States,40,10/03/2020,Male,55-64 years,4005,262
10/28/2020,United States,40,10/03/2020,Male,65-74 years,5998,466
10/28/2020,United States,40,10/03/2020,Male,75-84 years,6627,520
10/28/2020,United States,40,10/03/2020,Male,85 years and over,6158,495
10/28/2020,United States,40,10/03/2020,Female,All Ages,25435,1562
10/28/2020,United States,40,10/03/2020,Female,Under 1 year,114,0
10/28/2020,United States,40,10/03/2020,Female,1-4 years,22,0
10/28/2020,United States,40,10/03/2020,Female,5-14 years,41,1
10/28/2020,United States,40,10/03/2020,Female,15-24 years,164,1
10/28/2020,United States,40,10/03/2020,Female,25-34 years,317,12
10/28/2020,United States,40,10/03/2020,Female,35-44 years,554,24
10/28/2020,United States,40,10/03/2020,Female,45-54 years,1069,50
10/28/2020,United States,40,10/03/2020,Female,55-64 years,2684,133
10/28/2020,United States,40,10/03/2020,Female,65-74 years,4540,297
10/28/2020,United States,40,10/03/2020,Female,75-84 years,6237,420
10/28/2020,United States,40,10/03/2020,Female,85 years and over,9693,624
10/28/2020,United States,41,10/10/2020,All Sex,All Ages,50171,3432
10/28/2020,United States,41,10/10/2020,All Sex,Under 1 year,226,0
10/28/2020,United States,41,10/10/2020,All Sex,1-4 years,47,0
10/28/2020,United States,41,10/10/2020,All Sex,5-14 years,75,0
10/28/2020,United States,41,10/10/2020,All Sex,15-24 years,523,3
10/28/2020,United States,41,10/10/2020,All Sex,25-34 years,1038,16
10/28/2020,United States,41,10/10/2020,All Sex,35-44 years,1498,50
10/28/2020,United States,41,10/10/2020,All Sex,45-54 years,2715,137
10/28/2020,United States,41,10/10/2020,All Sex,55-64 years,6308,370
10/28/2020,United States,41,10/10/2020,All Sex,65-74 years,9968,753
10/28/2020,United States,41,10/10/2020,All Sex,75-84 years,12408,994
10/28/2020,United States,41,10/10/2020,All Sex,85 years and over,15365,1109
10/28/2020,United States,41,10/10/2020,Male,All Ages,26009,1871
10/28/2020,United States,41,10/10/2020,Male,Under 1 year,143,0
10/28/2020,United States,41,10/10/2020,Male,1-4 years,26,0
10/28/2020,United States,41,10/10/2020,Male,5-14 years,49,0
10/28/2020,United States,41,10/10/2020,Male,15-24 years,390,2
10/28/2020,United States,41,10/10/2020,Male,25-34 years,770,7
10/28/2020,United States,41,10/10/2020,Male,35-44 years,976,24
10/28/2020,United States,41,10/10/2020,Male,45-54 years,1707,95
10/28/2020,United States,41,10/10/2020,Male,55-64 years,3796,224
10/28/2020,United States,41,10/10/2020,Male,65-74 years,5678,459
10/28/2020,United States,41,10/10/2020,Male,75-84 years,6419,566
10/28/2020,United States,41,10/10/2020,Male,85 years and over,6055,494
10/28/2020,United States,41,10/10/2020,Female,All Ages,24162,1561
10/28/2020,United States,41,10/10/2020,Female,Under 1 year,83,0
10/28/2020,United States,41,10/10/2020,Female,1-4 years,21,0
10/28/2020,United States,41,10/10/2020,Female,5-14 years,26,0
10/28/2020,United States,41,10/10/2020,Female,15-24 years,133,1
10/28/2020,United States,41,10/10/2020,Female,25-34 years,268,9
10/28/2020,United States,41,10/10/2020,Female,35-44 years,522,26
10/28/2020,United States,41,10/10/2020,Female,45-54 years,1008,42
10/28/2020,United States,41,10/10/2020,Female,55-64 years,2512,146
10/28/2020,United States,41,10/10/2020,Female,65-74 years,4290,294
10/28/2020,United States,41,10/10/2020,Female,75-84 years,5989,428
10/28/2020,United States,41,10/10/2020,Female,85 years and over,9310,615
10/28/2020,United States,42,10/17/2020,All Sex,All Ages,39510,2304
10/28/2020,United States,42,10/17/2020,All Sex,Under 1 year,134,1
10/28/2020,United States,42,10/17/2020,All Sex,1-4 years,41,0
10/28/2020,United States,42,10/17/2020,All Sex,5-14 years,57,0
10/28/2020,United States,42,10/17/2020,All Sex,15-24 years,371,1
10/28/2020,United States,42,10/17/2020,All Sex,25-34 years,735,6
10/28/2020,United States,42,10/17/2020,All Sex,35-44 years,1057,18
10/28/2020,United States,42,10/17/2020,All Sex,45-54 years,1943,64
10/28/2020,United States,42,10/17/2020,All Sex,55-64 years,4770,224
10/28/2020,United States,42,10/17/2020,All Sex,65-74 years,7739,473
10/28/2020,United States,42,10/17/2020,All Sex,75-84 years,9941,700
10/28/2020,United States,42,10/17/2020,All Sex,85 years and over,12722,817
10/28/2020,United States,42,10/17/2020,Male,All Ages,20256,1224
10/28/2020,United States,42,10/17/2020,Male,Under 1 year,61,1
10/28/2020,United States,42,10/17/2020,Male,1-4 years,25,0
10/28/2020,United States,42,10/17/2020,Male,5-14 years,36,0
10/28/2020,United States,42,10/17/2020,Male,15-24 years,273,0
10/28/2020,United States,42,10/17/2020,Male,25-34 years,506,2
10/28/2020,United States,42,10/17/2020,Male,35-44 years,708,11
10/28/2020,United States,42,10/17/2020,Male,45-54 years,1226,45
10/28/2020,United States,42,10/17/2020,Male,55-64 years,2874,142
10/28/2020,United States,42,10/17/2020,Male,65-74 years,4444,280
10/28/2020,United States,42,10/17/2020,Male,75-84 years,5144,396
10/28/2020,United States,42,10/17/2020,Male,85 years and over,4959,347
10/28/2020,United States,42,10/17/2020,Female,All Ages,19254,1080
10/28/2020,United States,42,10/17/2020,Female,Under 1 year,73,0
10/28/2020,United States,42,10/17/2020,Female,1-4 years,16,0
10/28/2020,United States,42,10/17/2020,Female,5-14 years,21,0
10/28/2020,United States,42,10/17/2020,Female,15-24 years,98,1
10/28/2020,United States,42,10/17/2020,Female,25-34 years,229,4
10/28/2020,United States,42,10/17/2020,Female,35-44 years,349,7
10/28/2020,United States,42,10/17/2020,Female,45-54 years,717,19
10/28/2020,United States,42,10/17/2020,Female,55-64 years,1896,82
10/28/2020,United States,42,10/17/2020,Female,65-74 years,3295,193
10/28/2020,United States,42,10/17/2020,Female,75-84 years,4797,304
10/28/2020,United States,42,10/17/2020,Female,85 years and over,7763,470
10/28/2020,United States,43,10/24/2020,All Sex,All Ages,17510,535
10/28/2020,United States,43,10/24/2020,All Sex,Under 1 year,35,0
10/28/2020,United States,43,10/24/2020,All Sex,1-4 years,5,0
10/28/2020,United States,43,10/24/2020,All Sex,5-14 years,18,0
10/28/2020,United States,43,10/24/2020,All Sex,15-24 years,113,0
10/28/2020,United States,43,10/24/2020,All Sex,25-34 years,276,2
10/28/2020,United States,43,10/24/2020,All Sex,35-44 years,370,1
10/28/2020,United States,43,10/24/2020,All Sex,45-54 years,724,14
10/28/2020,United States,43,10/24/2020,All Sex,55-64 years,1993,39
10/28/2020,United States,43,10/24/2020,All Sex,65-74 years,3197,86
10/28/2020,United States,43,10/24/2020,All Sex,75-84 years,4596,192
10/28/2020,United States,43,10/24/2020,All Sex,85 years and over,6183,201
10/28/2020,United States,43,10/24/2020,Male,All Ages,8756,293
10/28/2020,United States,43,10/24/2020,Male,Under 1 year,23,0
10/28/2020,United States,43,10/24/2020,Male,1-4 years,3,0
10/28/2020,United States,43,10/24/2020,Male,5-14 years,11,0
10/28/2020,United States,43,10/24/2020,Male,15-24 years,87,0
10/28/2020,United States,43,10/24/2020,Male,25-34 years,191,2
10/28/2020,United States,43,10/24/2020,Male,35-44 years,238,0
10/28/2020,United States,43,10/24/2020,Male,45-54 years,452,10
10/28/2020,United States,43,10/24/2020,Male,55-64 years,1221,25
10/28/2020,United States,43,10/24/2020,Male,65-74 years,1771,46
10/28/2020,United States,43,10/24/2020,Male,75-84 years,2374,118
10/28/2020,United States,43,10/24/2020,Male,85 years and over,2385,92
10/28/2020,United States,43,10/24/2020,Female,All Ages,8754,242
10/28/2020,United States,43,10/24/2020,Female,Under 1 year,12,0
10/28/2020,United States,43,10/24/2020,Female,1-4 years,2,0
10/28/2020,United States,43,10/24/2020,Female,5-14 years,7,0
10/28/2020,United States,43,10/24/2020,Female,15-24 years,26,0
10/28/2020,United States,43,10/24/2020,Female,25-34 years,85,0
10/28/2020,United States,43,10/24/2020,Female,35-44 years,132,1
10/28/2020,United States,43,10/24/2020,Female,45-54 years,272,4
10/28/2020,United States,43,10/24/2020,Female,55-64 years,772,14
10/28/2020,United States,43,10/24/2020,Female,65-74 years,1426,40
10/28/2020,United States,43,10/24/2020,Female,75-84 years,2222,74
10/28/2020,United States,43,10/24/2020,Female,85 years and over,3798,109
